"downloaded","item_id","item_definition","category","18","19","20","21","22","23","24","25","26","27","28","29","30","31","32","33","34","35","36"
2023-04-18,1,"꽥꽥","sounds",0.35,0.43,0.42,0.56,0.57,0.66,0.81,0.71,0.81,0.85,0.85,0.92,0.87,0.88,0.87,0.83,0.89,0.86,0.96
2023-04-18,2,"꿀꿀","sounds",0.4,0.46,0.55,0.65,0.61,0.71,0.84,0.86,0.84,0.92,0.85,0.91,0.91,0.96,0.91,0.89,0.95,0.93,0.97
2023-04-18,3,"똑똑","sounds",0.35,0.29,0.39,0.62,0.59,0.59,0.78,0.73,0.64,0.84,0.79,0.8,0.79,0.84,0.79,0.85,0.87,0.86,0.82
2023-04-18,4,"멍멍","sounds",0.8,0.94,0.82,0.95,0.93,0.96,0.93,0.93,0.89,0.95,0.94,0.98,0.96,0.99,0.96,0.96,0.97,0.96,0.99
2023-04-18,5,"빵빵","sounds",0.52,0.55,0.63,0.75,0.73,0.7,0.86,0.79,0.77,0.9,0.86,0.88,0.89,0.93,0.93,0.92,0.91,0.84,0.96
2023-04-18,6,"야옹","sounds",0.55,0.62,0.64,0.7,0.8,0.77,0.91,0.88,0.81,0.86,0.91,0.98,0.9,0.99,0.91,0.93,0.95,0.9,0.96
2023-04-18,7,"얌얌","sounds",0.45,0.49,0.52,0.59,0.66,0.63,0.78,0.73,0.74,0.75,0.86,0.84,0.79,0.84,0.82,0.76,0.82,0.81,0.83
2023-04-18,8,"어흥","sounds",0.57,0.63,0.57,0.78,0.67,0.84,0.84,0.86,0.74,0.93,0.86,0.95,0.91,0.95,0.87,0.89,0.95,0.93,0.97
2023-04-18,9,"음매","sounds",0.52,0.49,0.61,0.59,0.59,0.66,0.85,0.77,0.77,0.88,0.82,0.92,0.9,0.92,0.87,0.83,0.89,0.86,0.94
2023-04-18,10,"짹짹","sounds",0.38,0.34,0.34,0.56,0.53,0.64,0.75,0.67,0.7,0.75,0.77,0.85,0.77,0.85,0.87,0.79,0.87,0.83,0.87
2023-04-18,11,"칙칙폭폭","sounds",0.38,0.38,0.37,0.48,0.51,0.59,0.78,0.75,0.73,0.85,0.87,0.88,0.86,0.96,0.87,0.91,0.93,0.91,0.96
2023-04-18,12,"기차","vehicles",0.29,0.23,0.31,0.37,0.49,0.51,0.75,0.74,0.77,0.82,0.81,0.88,0.9,0.93,0.93,0.92,0.96,0.9,0.97
2023-04-18,13,"배","vehicles",0.22,0.12,0.24,0.44,0.37,0.44,0.65,0.67,0.63,0.77,0.79,0.79,0.87,0.9,0.91,0.84,0.92,0.87,0.96
2023-04-18,14,"버스","vehicles",0.35,0.22,0.34,0.41,0.44,0.47,0.77,0.74,0.66,0.74,0.79,0.84,0.89,0.95,0.91,0.95,0.95,0.94,0.97
2023-04-18,15,"비행기","vehicles",0.29,0.15,0.25,0.41,0.44,0.47,0.63,0.71,0.71,0.73,0.83,0.89,0.84,0.9,0.94,0.95,0.93,0.88,0.99
2023-04-18,16,"불자동차/소방차","vehicles",0.17,0.03,0.09,0.16,0.17,0.29,0.43,0.45,0.41,0.57,0.5,0.68,0.67,0.75,0.78,0.83,0.78,0.77,0.82
2023-04-18,17,"썰매","vehicles",0.03,0,0.03,0.05,0.07,0.06,0.11,0.1,0.21,0.32,0.27,0.36,0.33,0.4,0.4,0.37,0.53,0.48,0.52
2023-04-18,18,"오토바이","vehicles",0.22,0.05,0.19,0.19,0.27,0.31,0.49,0.6,0.53,0.56,0.63,0.72,0.79,0.75,0.81,0.84,0.86,0.87,0.94
2023-04-18,19,"유모차","vehicles",0.18,0.14,0.24,0.29,0.36,0.39,0.53,0.62,0.64,0.68,0.71,0.79,0.67,0.78,0.84,0.84,0.82,0.87,0.89
2023-04-18,20,"자전거","vehicles",0.26,0.08,0.22,0.41,0.43,0.39,0.6,0.75,0.73,0.72,0.78,0.88,0.83,0.92,0.94,0.93,0.92,0.93,0.97
2023-04-18,21,"차/자동차","vehicles",0.51,0.43,0.57,0.63,0.73,0.69,0.77,0.88,0.81,0.9,0.9,0.91,0.89,0.99,0.9,0.96,0.96,0.93,0.97
2023-04-18,22,"택시","vehicles",0.22,0.12,0.21,0.25,0.26,0.29,0.56,0.63,0.54,0.65,0.64,0.76,0.73,0.84,0.84,0.84,0.95,0.83,0.92
2023-04-18,23,"트럭","vehicles",0.23,0.05,0.13,0.24,0.23,0.24,0.42,0.45,0.44,0.56,0.56,0.64,0.61,0.66,0.72,0.72,0.79,0.72,0.83
2023-04-18,24,"헬리콥터","vehicles",0.11,0.08,0.06,0.11,0.16,0.17,0.32,0.4,0.44,0.51,0.56,0.64,0.66,0.62,0.72,0.73,0.7,0.72,0.83
2023-04-18,25,"공","toys",0.62,0.65,0.64,0.76,0.76,0.77,0.84,0.92,0.89,0.93,0.91,0.92,0.93,0.99,0.96,0.96,0.99,0.94,0.99
2023-04-18,26,"로봇","toys",0.03,0.02,0.09,0.08,0.13,0.07,0.28,0.36,0.34,0.47,0.47,0.65,0.54,0.71,0.64,0.61,0.75,0.75,0.79
2023-04-18,27,"블록","toys",0.18,0.11,0.13,0.17,0.36,0.27,0.48,0.56,0.53,0.65,0.62,0.75,0.63,0.74,0.85,0.75,0.88,0.74,0.87
2023-04-18,28,"비누방울","toys",0.05,0.06,0.09,0.14,0.19,0.14,0.28,0.3,0.36,0.42,0.41,0.56,0.57,0.63,0.67,0.65,0.75,0.7,0.72
2023-04-18,29,"선물","toys",0.05,0.05,0.03,0.11,0.21,0.13,0.38,0.3,0.47,0.51,0.5,0.68,0.7,0.73,0.67,0.76,0.83,0.8,0.85
2023-04-18,30,"연필","toys",0.23,0.2,0.28,0.29,0.36,0.31,0.54,0.71,0.61,0.6,0.69,0.81,0.71,0.81,0.79,0.84,0.87,0.87,0.87
2023-04-18,31,"인형","toys",0.32,0.23,0.33,0.44,0.46,0.46,0.59,0.73,0.76,0.74,0.79,0.85,0.77,0.9,0.84,0.91,0.92,0.94,0.93
2023-04-18,32,"장난감","toys",0.11,0.08,0.16,0.21,0.31,0.33,0.44,0.63,0.56,0.56,0.64,0.8,0.71,0.79,0.85,0.85,0.89,0.84,0.92
2023-04-18,33,"종이","toys",0.14,0.02,0.13,0.21,0.29,0.26,0.48,0.59,0.57,0.61,0.62,0.76,0.76,0.78,0.81,0.88,0.84,0.88,0.9
2023-04-18,34,"책","toys",0.43,0.43,0.49,0.63,0.6,0.73,0.81,0.86,0.86,0.89,0.87,0.9,0.9,0.97,0.96,0.93,0.97,0.93,0.99
2023-04-18,35,"총","toys",0.11,0.11,0.13,0.13,0.2,0.21,0.33,0.38,0.4,0.5,0.53,0.62,0.66,0.77,0.73,0.77,0.75,0.7,0.87
2023-04-18,36,"크레용/크레파스","toys",0.17,0.11,0.13,0.21,0.31,0.24,0.44,0.58,0.54,0.61,0.69,0.74,0.69,0.85,0.82,0.79,0.89,0.9,0.92
2023-04-18,37,"풀","toys",0.03,0.03,0.07,0.16,0.16,0.23,0.37,0.47,0.44,0.53,0.56,0.71,0.7,0.73,0.73,0.81,0.83,0.84,0.87
2023-04-18,38,"풍선","toys",0.29,0.32,0.4,0.43,0.5,0.56,0.68,0.84,0.79,0.77,0.88,0.89,0.89,0.92,0.96,0.93,0.96,0.91,0.99
2023-04-18,39,"개","animals",0.42,0.34,0.43,0.57,0.59,0.6,0.7,0.74,0.77,0.73,0.82,0.84,0.89,0.93,0.88,0.92,0.91,0.88,0.96
2023-04-18,40,"개구리","animals",0.15,0.11,0.18,0.29,0.31,0.34,0.52,0.63,0.59,0.72,0.71,0.75,0.86,0.88,0.87,0.85,0.88,0.9,0.96
2023-04-18,41,"개미","animals",0.06,0.12,0.12,0.32,0.31,0.3,0.43,0.55,0.63,0.62,0.69,0.79,0.76,0.81,0.85,0.88,0.82,0.88,0.93
2023-04-18,42,"거북이","animals",0.17,0.06,0.13,0.19,0.33,0.29,0.52,0.52,0.59,0.65,0.69,0.78,0.77,0.84,0.82,0.84,0.86,0.9,0.94
2023-04-18,43,"거위","animals",0.03,0.02,0.06,0.05,0.07,0.09,0.11,0.07,0.26,0.25,0.24,0.3,0.21,0.27,0.36,0.31,0.38,0.39,0.32
2023-04-18,44,"고양이","animals",0.37,0.25,0.37,0.4,0.5,0.53,0.73,0.77,0.71,0.78,0.86,0.89,0.89,0.97,0.88,0.96,0.91,0.9,0.99
2023-04-18,45,"곰","animals",0.4,0.26,0.37,0.4,0.56,0.59,0.74,0.79,0.71,0.8,0.86,0.82,0.91,0.95,0.85,0.87,0.92,0.91,0.96
2023-04-18,46,"공룡","animals",0.05,0.06,0.12,0.19,0.26,0.16,0.31,0.44,0.44,0.57,0.6,0.7,0.71,0.67,0.75,0.79,0.8,0.78,0.83
2023-04-18,47,"기린","animals",0.22,0.17,0.21,0.35,0.43,0.4,0.6,0.67,0.66,0.68,0.73,0.78,0.83,0.82,0.82,0.88,0.89,0.88,0.94
2023-04-18,48,"나비","animals",0.26,0.26,0.31,0.38,0.43,0.47,0.7,0.71,0.74,0.82,0.86,0.88,0.91,0.96,0.94,0.92,0.91,0.94,0.97
2023-04-18,49,"다람쥐","animals",0.08,0.02,0.07,0.17,0.26,0.14,0.42,0.48,0.47,0.57,0.62,0.7,0.66,0.77,0.76,0.73,0.78,0.81,0.83
2023-04-18,50,"닭","animals",0.22,0.12,0.21,0.32,0.36,0.41,0.58,0.67,0.69,0.62,0.73,0.8,0.8,0.85,0.84,0.81,0.82,0.78,0.89
2023-04-18,51,"당나귀","animals",0.02,0,0.01,0.05,0.07,0.03,0.12,0.11,0.17,0.22,0.23,0.32,0.16,0.29,0.27,0.32,0.37,0.35,0.46
2023-04-18,52,"동물","animals",0.06,0.02,0.06,0.11,0.11,0.17,0.22,0.26,0.33,0.36,0.58,0.59,0.54,0.63,0.66,0.65,0.7,0.71,0.82
2023-04-18,53,"돼지","animals",0.31,0.2,0.31,0.4,0.53,0.57,0.67,0.78,0.76,0.8,0.82,0.85,0.86,0.93,0.91,0.88,0.93,0.93,0.97
2023-04-18,54,"말","animals",0.32,0.22,0.22,0.38,0.41,0.5,0.7,0.7,0.66,0.73,0.77,0.81,0.8,0.89,0.81,0.81,0.88,0.86,0.96
2023-04-18,55,"물고기","animals",0.22,0.2,0.33,0.38,0.44,0.51,0.67,0.74,0.66,0.8,0.81,0.82,0.83,0.95,0.93,0.93,0.89,0.94,0.99
2023-04-18,56,"뱀","animals",0.09,0.05,0.09,0.25,0.36,0.33,0.53,0.68,0.56,0.64,0.72,0.81,0.74,0.86,0.79,0.81,0.78,0.88,0.93
2023-04-18,57,"벌","animals",0.08,0.08,0.1,0.14,0.24,0.23,0.33,0.48,0.49,0.56,0.54,0.65,0.6,0.63,0.57,0.68,0.72,0.64,0.82
2023-04-18,58,"벌레","animals",0.05,0.05,0.04,0.06,0.27,0.2,0.26,0.49,0.51,0.52,0.56,0.72,0.67,0.71,0.79,0.69,0.75,0.86,0.89
2023-04-18,59,"병아리","animals",0.18,0.08,0.21,0.22,0.31,0.36,0.43,0.58,0.63,0.62,0.71,0.74,0.73,0.79,0.84,0.85,0.89,0.8,0.89
2023-04-18,60,"부엉이","animals",0.08,0.03,0.06,0.19,0.19,0.2,0.23,0.36,0.43,0.5,0.53,0.59,0.53,0.55,0.49,0.6,0.72,0.65,0.65
2023-04-18,61,"비둘기","animals",0.09,0.03,0.13,0.16,0.21,0.19,0.42,0.49,0.41,0.49,0.5,0.58,0.63,0.6,0.69,0.65,0.7,0.71,0.73
2023-04-18,62,"사슴","animals",0.11,0.02,0.07,0.11,0.26,0.13,0.31,0.45,0.4,0.52,0.58,0.65,0.53,0.74,0.61,0.75,0.79,0.77,0.86
2023-04-18,63,"사자","animals",0.31,0.17,0.34,0.35,0.44,0.51,0.64,0.74,0.7,0.74,0.78,0.84,0.83,0.9,0.88,0.87,0.86,0.91,0.97
2023-04-18,64,"새","animals",0.28,0.28,0.25,0.48,0.44,0.5,0.72,0.77,0.74,0.81,0.78,0.86,0.87,0.97,0.9,0.91,0.92,0.91,0.96
2023-04-18,65,"소","animals",0.37,0.17,0.34,0.43,0.43,0.51,0.67,0.74,0.66,0.69,0.79,0.82,0.76,0.95,0.84,0.85,0.87,0.88,0.94
2023-04-18,66,"송아지","animals",0.08,0.03,0.13,0.17,0.21,0.17,0.33,0.3,0.47,0.43,0.55,0.49,0.46,0.55,0.57,0.55,0.62,0.57,0.66
2023-04-18,67,"악어","animals",0.18,0.08,0.22,0.32,0.46,0.47,0.59,0.7,0.59,0.75,0.74,0.82,0.83,0.92,0.81,0.85,0.84,0.91,0.96
2023-04-18,68,"양","animals",0.18,0.09,0.09,0.22,0.37,0.37,0.49,0.51,0.6,0.65,0.62,0.75,0.64,0.73,0.63,0.75,0.76,0.71,0.82
2023-04-18,69,"여우","animals",0.06,0.06,0.06,0.21,0.31,0.27,0.33,0.51,0.47,0.58,0.53,0.72,0.59,0.71,0.67,0.69,0.8,0.8,0.85
2023-04-18,70,"염소","animals",0.12,0.03,0.09,0.1,0.26,0.21,0.31,0.45,0.47,0.53,0.6,0.62,0.59,0.63,0.57,0.69,0.67,0.67,0.79
2023-04-18,71,"오리","animals",0.26,0.29,0.34,0.37,0.5,0.5,0.68,0.73,0.71,0.77,0.81,0.86,0.77,0.9,0.88,0.87,0.89,0.88,0.94
2023-04-18,72,"원숭이","animals",0.09,0.09,0.15,0.17,0.34,0.31,0.54,0.62,0.57,0.62,0.71,0.79,0.73,0.82,0.87,0.88,0.86,0.91,0.93
2023-04-18,73,"쥐","animals",0.14,0.12,0.1,0.14,0.26,0.31,0.44,0.59,0.5,0.59,0.65,0.76,0.66,0.73,0.67,0.72,0.76,0.81,0.89
2023-04-18,74,"참새","animals",0.15,0.02,0.15,0.17,0.23,0.21,0.42,0.48,0.49,0.53,0.6,0.56,0.59,0.63,0.6,0.72,0.61,0.7,0.73
2023-04-18,75,"코끼리","animals",0.28,0.22,0.3,0.3,0.43,0.47,0.7,0.75,0.74,0.81,0.83,0.84,0.83,0.97,0.94,0.92,0.93,0.94,0.97
2023-04-18,76,"토끼","animals",0.34,0.29,0.36,0.4,0.5,0.56,0.77,0.75,0.74,0.82,0.88,0.89,0.83,0.96,0.94,0.92,0.92,0.91,0.99
2023-04-18,77,"펭귄","animals",0.11,0.05,0.09,0.17,0.27,0.3,0.43,0.49,0.51,0.6,0.64,0.74,0.67,0.77,0.78,0.77,0.82,0.86,0.85
2023-04-18,78,"하마","animals",0.23,0.17,0.18,0.25,0.41,0.36,0.53,0.6,0.59,0.66,0.76,0.8,0.74,0.77,0.82,0.76,0.84,0.87,0.92
2023-04-18,79,"호랑이","animals",0.32,0.12,0.31,0.4,0.36,0.56,0.65,0.77,0.69,0.73,0.83,0.84,0.77,0.93,0.87,0.92,0.93,0.94,0.99
2023-04-18,80,"가방","clothing",0.25,0.28,0.4,0.43,0.49,0.54,0.69,0.77,0.79,0.8,0.83,0.92,0.87,0.97,0.96,0.96,0.92,0.94,0.97
2023-04-18,81,"구두","clothing",0.14,0.06,0.15,0.21,0.29,0.31,0.37,0.59,0.46,0.6,0.58,0.6,0.6,0.67,0.75,0.71,0.75,0.8,0.86
2023-04-18,82,"기저귀","clothing",0.26,0.29,0.33,0.46,0.47,0.47,0.63,0.75,0.74,0.78,0.78,0.85,0.76,0.9,0.9,0.89,0.86,0.91,0.87
2023-04-18,83,"단추","clothing",0.14,0.12,0.22,0.21,0.31,0.33,0.51,0.66,0.56,0.68,0.65,0.8,0.71,0.81,0.76,0.79,0.86,0.88,0.93
2023-04-18,84,"모자","clothing",0.37,0.34,0.42,0.4,0.53,0.6,0.78,0.85,0.89,0.83,0.87,0.88,0.86,0.96,0.94,0.96,0.95,0.96,0.99
2023-04-18,85,"목걸이","clothing",0.14,0.03,0.13,0.11,0.26,0.2,0.47,0.53,0.51,0.58,0.63,0.71,0.71,0.81,0.78,0.84,0.78,0.81,0.89
2023-04-18,86,"바지","clothing",0.31,0.29,0.37,0.48,0.59,0.6,0.72,0.86,0.79,0.83,0.88,0.91,0.86,0.96,0.93,0.95,0.92,0.96,0.97
2023-04-18,87,"목도리","clothing",0.09,0,0.1,0.11,0.24,0.21,0.33,0.42,0.39,0.48,0.53,0.65,0.6,0.74,0.66,0.67,0.76,0.83,0.77
2023-04-18,88,"신/신발","clothing",0.42,0.45,0.42,0.56,0.63,0.61,0.79,0.85,0.89,0.85,0.91,0.92,0.89,0.96,0.96,0.96,0.95,0.93,0.99
2023-04-18,89,"양말","clothing",0.35,0.45,0.48,0.49,0.57,0.6,0.72,0.85,0.84,0.84,0.82,0.91,0.84,0.97,0.93,0.95,0.93,0.94,0.99
2023-04-18,90,"옷/꼬까","clothing",0.29,0.23,0.33,0.37,0.51,0.54,0.69,0.73,0.74,0.74,0.77,0.84,0.81,0.95,0.9,0.93,0.87,0.88,0.97
2023-04-18,91,"운동화","clothing",0.08,0.03,0.06,0.13,0.24,0.17,0.28,0.47,0.54,0.51,0.59,0.61,0.64,0.73,0.7,0.75,0.75,0.8,0.86
2023-04-18,92,"잠바","clothing",0.08,0.11,0.16,0.17,0.34,0.34,0.41,0.4,0.57,0.61,0.68,0.74,0.73,0.81,0.76,0.71,0.84,0.84,0.87
2023-04-18,93,"잠옷","clothing",0.03,0,0.03,0.03,0.1,0.11,0.14,0.22,0.24,0.31,0.35,0.35,0.44,0.51,0.43,0.49,0.59,0.67,0.72
2023-04-18,94,"장갑","clothing",0.15,0.05,0.19,0.16,0.39,0.27,0.42,0.66,0.6,0.6,0.67,0.76,0.76,0.88,0.84,0.88,0.88,0.9,0.93
2023-04-18,95,"주머니","clothing",0.05,0.05,0.09,0.14,0.33,0.26,0.44,0.52,0.57,0.59,0.69,0.81,0.71,0.82,0.75,0.83,0.88,0.9,0.9
2023-04-18,96,"치마","clothing",0.11,0.08,0.1,0.06,0.26,0.2,0.27,0.44,0.51,0.53,0.6,0.6,0.5,0.74,0.67,0.71,0.71,0.74,0.79
2023-04-18,97,"코트/외투","clothing",0.02,0.05,0.04,0.05,0.14,0.07,0.23,0.18,0.23,0.32,0.38,0.38,0.27,0.4,0.4,0.37,0.5,0.49,0.54
2023-04-18,98,"팬티","clothing",0.12,0.14,0.13,0.24,0.36,0.39,0.52,0.7,0.73,0.74,0.77,0.85,0.86,0.88,0.9,0.93,0.91,0.91,0.97
2023-04-18,99,"허리띠","clothing",0,0.02,0.03,0.02,0.1,0.03,0.19,0.18,0.2,0.22,0.31,0.31,0.29,0.44,0.42,0.43,0.5,0.49,0.49
2023-04-18,100,"계단","furniture_rooms",0.14,0.11,0.13,0.13,0.29,0.24,0.4,0.53,0.56,0.55,0.67,0.75,0.73,0.77,0.79,0.85,0.89,0.88,0.93
2023-04-18,101,"냉장고","furniture_rooms",0.25,0.12,0.24,0.19,0.36,0.31,0.54,0.68,0.74,0.69,0.78,0.86,0.8,0.95,0.9,0.96,0.92,0.93,0.97
2023-04-18,102,"목욕탕","furniture_rooms",0.11,0.06,0.1,0.16,0.29,0.17,0.36,0.52,0.47,0.56,0.62,0.64,0.6,0.78,0.76,0.77,0.8,0.84,0.89
2023-04-18,103,"문","furniture_rooms",0.32,0.25,0.37,0.46,0.47,0.59,0.72,0.77,0.76,0.76,0.83,0.88,0.86,0.96,0.88,0.91,0.95,0.91,0.99
2023-04-18,104,"방","furniture_rooms",0.23,0.15,0.18,0.29,0.43,0.43,0.67,0.77,0.76,0.73,0.79,0.9,0.83,0.9,0.85,0.91,0.92,0.9,0.96
2023-04-18,105,"베개","furniture_rooms",0.32,0.17,0.3,0.43,0.49,0.46,0.59,0.74,0.8,0.78,0.81,0.89,0.84,0.95,0.91,0.96,0.93,0.94,0.99
2023-04-18,106,"부엌","furniture_rooms",0.05,0.02,0.1,0.06,0.21,0.1,0.35,0.4,0.44,0.43,0.54,0.59,0.53,0.62,0.63,0.64,0.68,0.77,0.85
2023-04-18,107,"서랍","furniture_rooms",0.08,0.03,0.09,0.06,0.24,0.14,0.28,0.3,0.37,0.41,0.51,0.66,0.54,0.62,0.64,0.68,0.76,0.72,0.85
2023-04-18,108,"세탁기","furniture_rooms",0.09,0.02,0.1,0.06,0.23,0.23,0.42,0.49,0.51,0.49,0.53,0.69,0.64,0.78,0.72,0.84,0.79,0.88,0.96
2023-04-18,109,"소파","furniture_rooms",0.09,0.03,0.16,0.14,0.23,0.19,0.38,0.37,0.49,0.53,0.62,0.64,0.66,0.67,0.7,0.68,0.8,0.75,0.85
2023-04-18,110,"옷장","furniture_rooms",0.03,0.02,0.07,0.06,0.13,0.17,0.31,0.33,0.37,0.41,0.44,0.6,0.54,0.58,0.6,0.65,0.7,0.74,0.8
2023-04-18,111,"유리","furniture_rooms",0.05,0,0.01,0.03,0.16,0.09,0.25,0.19,0.23,0.35,0.38,0.46,0.36,0.6,0.58,0.6,0.63,0.58,0.68
2023-04-18,112,"의자","furniture_rooms",0.25,0.26,0.31,0.38,0.5,0.5,0.67,0.78,0.74,0.76,0.83,0.88,0.84,0.99,0.9,0.95,0.92,0.94,0.99
2023-04-18,113,"이불","furniture_rooms",0.31,0.2,0.31,0.41,0.54,0.51,0.64,0.82,0.81,0.8,0.79,0.9,0.84,0.96,0.9,0.96,0.95,0.91,0.97
2023-04-18,114,"전자레인지","furniture_rooms",0.03,0.03,0.01,0.03,0.11,0.13,0.15,0.15,0.24,0.26,0.33,0.46,0.34,0.47,0.42,0.45,0.55,0.52,0.49
2023-04-18,115,"지하실","furniture_rooms",0,0,0,0,0.01,0,0.02,0.07,0.1,0.12,0.06,0.09,0.14,0.22,0.24,0.13,0.2,0.22,0.2
2023-04-18,116,"창문","furniture_rooms",0.12,0.06,0.09,0.08,0.24,0.23,0.38,0.49,0.46,0.55,0.65,0.75,0.71,0.79,0.81,0.83,0.83,0.84,0.92
2023-04-18,117,"침대","furniture_rooms",0.18,0.08,0.16,0.22,0.31,0.31,0.56,0.67,0.59,0.69,0.72,0.8,0.8,0.85,0.85,0.88,0.89,0.87,0.97
2023-04-18,118,"텔레비전","furniture_rooms",0.29,0.18,0.24,0.29,0.39,0.41,0.52,0.74,0.7,0.74,0.79,0.86,0.87,0.95,0.93,0.96,0.95,0.93,0.99
2023-04-18,119,"피아노","furniture_rooms",0.14,0.09,0.12,0.29,0.33,0.31,0.54,0.64,0.56,0.62,0.74,0.74,0.77,0.74,0.82,0.88,0.84,0.9,0.96
2023-04-18,120,"화장실","furniture_rooms",0.12,0.06,0.1,0.13,0.3,0.26,0.44,0.64,0.6,0.62,0.69,0.8,0.73,0.84,0.88,0.84,0.86,0.9,0.94
2023-04-18,121,"감","food_drink",0.14,0.03,0.15,0.21,0.33,0.3,0.52,0.59,0.53,0.51,0.64,0.66,0.57,0.68,0.64,0.73,0.82,0.78,0.83
2023-04-18,122,"감자","food_drink",0.14,0.06,0.1,0.13,0.26,0.21,0.44,0.52,0.53,0.62,0.68,0.74,0.69,0.71,0.72,0.73,0.87,0.87,0.93
2023-04-18,123,"계란/달걀","food_drink",0.18,0.15,0.24,0.33,0.39,0.41,0.6,0.75,0.7,0.7,0.82,0.85,0.8,0.93,0.93,0.92,0.97,0.88,0.99
2023-04-18,124,"고구마","food_drink",0.18,0.09,0.12,0.22,0.29,0.23,0.47,0.6,0.54,0.58,0.69,0.76,0.63,0.73,0.81,0.77,0.92,0.9,0.92
2023-04-18,125,"고기","food_drink",0.28,0.38,0.34,0.57,0.56,0.63,0.75,0.84,0.76,0.83,0.83,0.92,0.9,0.96,0.96,0.93,0.97,0.93,0.96
2023-04-18,126,"과일","food_drink",0.15,0.05,0.18,0.16,0.23,0.24,0.41,0.44,0.51,0.43,0.67,0.69,0.61,0.73,0.81,0.76,0.8,0.81,0.9
2023-04-18,127,"과자/까까","food_drink",0.63,0.66,0.63,0.76,0.74,0.83,0.81,0.88,0.93,0.9,0.86,0.95,0.91,0.97,0.97,0.95,0.99,0.96,0.97
2023-04-18,128,"국","food_drink",0.15,0.08,0.15,0.22,0.34,0.37,0.49,0.56,0.6,0.59,0.62,0.74,0.64,0.79,0.73,0.76,0.89,0.78,0.89
2023-04-18,129,"국수","food_drink",0.11,0.06,0.09,0.24,0.26,0.3,0.31,0.47,0.47,0.45,0.55,0.68,0.59,0.71,0.7,0.69,0.74,0.86,0.87
2023-04-18,130,"귤","food_drink",0.37,0.31,0.39,0.56,0.59,0.69,0.77,0.79,0.76,0.78,0.88,0.91,0.84,0.99,0.93,0.93,0.97,0.91,0.99
2023-04-18,131,"김","food_drink",0.35,0.28,0.36,0.48,0.53,0.5,0.7,0.84,0.79,0.81,0.81,0.92,0.83,0.93,0.93,0.93,0.97,0.93,0.99
2023-04-18,132,"김치","food_drink",0.17,0.25,0.24,0.32,0.44,0.49,0.62,0.77,0.76,0.66,0.77,0.86,0.86,0.88,0.88,0.89,0.93,0.9,0.96
2023-04-18,133,"껌","food_drink",0.15,0.18,0.25,0.4,0.33,0.33,0.58,0.68,0.64,0.62,0.76,0.74,0.71,0.86,0.82,0.8,0.89,0.81,0.92
2023-04-18,134,"닭고기","food_drink",0.08,0.03,0.07,0.05,0.13,0.2,0.3,0.29,0.34,0.42,0.47,0.56,0.54,0.6,0.64,0.67,0.76,0.72,0.79
2023-04-18,135,"당근","food_drink",0.15,0.06,0.1,0.19,0.29,0.31,0.54,0.64,0.59,0.62,0.68,0.76,0.73,0.73,0.73,0.79,0.91,0.86,0.9
2023-04-18,136,"도너츠","food_drink",0,0.02,0.01,0.05,0.06,0.04,0.1,0.19,0.17,0.23,0.26,0.34,0.3,0.42,0.27,0.36,0.59,0.54,0.48
2023-04-18,137,"딸기","food_drink",0.37,0.42,0.48,0.6,0.61,0.66,0.78,0.86,0.84,0.89,0.88,0.91,0.84,0.97,0.96,0.91,1,0.93,0.97
2023-04-18,138,"땅콩","food_drink",0.06,0,0.06,0.08,0.16,0.19,0.42,0.47,0.4,0.44,0.49,0.5,0.53,0.63,0.64,0.67,0.78,0.7,0.83
2023-04-18,139,"떡","food_drink",0.18,0.11,0.15,0.32,0.37,0.37,0.62,0.73,0.66,0.61,0.67,0.8,0.74,0.79,0.78,0.84,0.89,0.81,0.96
2023-04-18,140,"라면","food_drink",0.12,0.03,0.21,0.17,0.27,0.26,0.48,0.58,0.53,0.61,0.69,0.71,0.76,0.81,0.82,0.84,0.87,0.81,0.93
2023-04-18,141,"메론","food_drink",0.02,0.03,0.06,0.03,0.07,0.1,0.2,0.12,0.27,0.25,0.31,0.44,0.36,0.38,0.36,0.4,0.62,0.55,0.46
2023-04-18,142,"무/무우","food_drink",0.15,0.11,0.15,0.29,0.23,0.29,0.44,0.44,0.49,0.52,0.54,0.64,0.56,0.6,0.64,0.67,0.79,0.83,0.79
2023-04-18,143,"물","food_drink",0.71,0.75,0.69,0.84,0.81,0.79,0.85,0.93,0.93,0.93,0.95,0.98,0.93,0.99,0.97,0.96,0.97,0.96,0.99
2023-04-18,144,"바나나","food_drink",0.42,0.37,0.4,0.56,0.6,0.57,0.74,0.81,0.81,0.88,0.91,0.9,0.86,0.97,0.94,0.96,0.99,0.93,0.97
2023-04-18,145,"밤","food_drink",0.08,0,0.09,0.16,0.2,0.33,0.44,0.52,0.43,0.48,0.56,0.69,0.46,0.68,0.61,0.59,0.8,0.7,0.83
2023-04-18,146,"배추","food_drink",0.05,0.05,0.12,0.08,0.17,0.13,0.41,0.38,0.46,0.48,0.54,0.56,0.5,0.6,0.57,0.61,0.75,0.72,0.79
2023-04-18,147,"복숭아","food_drink",0.05,0.02,0.03,0.1,0.1,0.11,0.35,0.3,0.33,0.36,0.45,0.68,0.49,0.58,0.48,0.63,0.76,0.67,0.73
2023-04-18,148,"빵","food_drink",0.58,0.58,0.54,0.78,0.73,0.77,0.85,0.89,0.86,0.91,0.9,0.95,0.91,0.99,0.96,0.92,0.99,0.93,0.97
2023-04-18,149,"사과","food_drink",0.34,0.4,0.52,0.54,0.57,0.63,0.75,0.79,0.83,0.85,0.86,0.92,0.87,0.97,0.93,0.92,1,0.93,0.96
2023-04-18,150,"사이다","food_drink",0,0.02,0.03,0.02,0.11,0.1,0.2,0.18,0.33,0.33,0.44,0.42,0.44,0.52,0.52,0.56,0.67,0.62,0.54
2023-04-18,151,"사탕","food_drink",0.46,0.42,0.48,0.59,0.64,0.69,0.69,0.86,0.79,0.85,0.88,0.9,0.9,0.95,0.93,0.92,0.97,0.91,0.97
2023-04-18,152,"생선","food_drink",0.09,0.05,0.06,0.11,0.27,0.24,0.35,0.42,0.44,0.51,0.54,0.72,0.57,0.6,0.58,0.61,0.78,0.72,0.86
2023-04-18,153,"설탕","food_drink",0.02,0,0.03,0.03,0.06,0.07,0.23,0.22,0.27,0.34,0.35,0.45,0.43,0.6,0.49,0.48,0.67,0.64,0.68
2023-04-18,154,"소금","food_drink",0,0,0.03,0.02,0.07,0.07,0.22,0.18,0.34,0.35,0.4,0.41,0.41,0.52,0.51,0.45,0.64,0.62,0.63
2023-04-18,155,"수박","food_drink",0.26,0.12,0.25,0.32,0.41,0.44,0.68,0.75,0.63,0.73,0.86,0.85,0.81,0.89,0.87,0.88,0.96,0.91,0.97
2023-04-18,156,"스파게티","food_drink",0,0,0,0,0,0.06,0.09,0.15,0.13,0.23,0.19,0.28,0.3,0.29,0.3,0.39,0.45,0.41,0.51
2023-04-18,157,"쌀","food_drink",0.08,0.06,0.1,0.1,0.19,0.17,0.36,0.36,0.37,0.49,0.5,0.59,0.6,0.66,0.63,0.61,0.67,0.75,0.76
2023-04-18,158,"아이스크림","food_drink",0.31,0.25,0.39,0.43,0.54,0.61,0.63,0.78,0.84,0.82,0.83,0.92,0.89,0.93,0.94,0.92,0.96,0.94,0.97
2023-04-18,159,"얼음","food_drink",0.06,0.08,0.07,0.08,0.21,0.2,0.36,0.41,0.47,0.5,0.58,0.71,0.66,0.79,0.73,0.77,0.79,0.84,0.9
2023-04-18,160,"오렌지","food_drink",0.14,0.09,0.1,0.19,0.27,0.3,0.49,0.58,0.61,0.6,0.72,0.74,0.64,0.78,0.79,0.84,0.89,0.88,0.94
2023-04-18,161,"옥수수","food_drink",0.11,0.06,0.04,0.1,0.23,0.24,0.41,0.52,0.43,0.51,0.59,0.68,0.61,0.71,0.78,0.71,0.84,0.78,0.86
2023-04-18,162,"요구르트","food_drink",0.22,0.14,0.27,0.24,0.4,0.49,0.63,0.66,0.63,0.75,0.74,0.86,0.83,0.89,0.9,0.92,0.96,0.9,0.97
2023-04-18,163,"우유","food_drink",0.52,0.54,0.6,0.71,0.76,0.8,0.79,0.89,0.91,0.91,0.91,0.95,0.91,0.97,0.96,0.96,0.96,0.96,0.99
2023-04-18,164,"음식","food_drink",0.03,0.02,0.03,0.02,0.07,0.07,0.14,0.08,0.14,0.27,0.36,0.4,0.36,0.4,0.36,0.4,0.61,0.54,0.63
2023-04-18,165,"주스","food_drink",0.31,0.26,0.45,0.44,0.54,0.47,0.72,0.77,0.73,0.8,0.85,0.85,0.83,0.93,0.91,0.92,0.95,0.91,0.97
2023-04-18,166,"초콜렛","food_drink",0.14,0.05,0.09,0.24,0.24,0.33,0.53,0.59,0.53,0.65,0.68,0.81,0.76,0.86,0.91,0.85,0.97,0.88,0.94
2023-04-18,167,"치즈","food_drink",0.35,0.15,0.25,0.44,0.4,0.44,0.59,0.59,0.7,0.65,0.69,0.76,0.71,0.77,0.76,0.77,0.88,0.77,0.87
2023-04-18,168,"커피","food_drink",0.05,0.09,0.15,0.17,0.27,0.31,0.52,0.49,0.59,0.61,0.72,0.76,0.76,0.79,0.78,0.84,0.87,0.9,0.94
2023-04-18,169,"케이크","food_drink",0.06,0.06,0.09,0.14,0.31,0.31,0.57,0.64,0.56,0.68,0.69,0.76,0.86,0.85,0.82,0.83,0.95,0.9,0.97
2023-04-18,170,"콜라","food_drink",0.03,0.09,0.16,0.13,0.14,0.23,0.4,0.55,0.5,0.49,0.58,0.6,0.61,0.68,0.75,0.76,0.78,0.7,0.79
2023-04-18,171,"콩","food_drink",0.25,0.18,0.19,0.4,0.33,0.37,0.6,0.59,0.53,0.66,0.71,0.69,0.67,0.71,0.76,0.81,0.87,0.88,0.92
2023-04-18,172,"토마토","food_drink",0.12,0.15,0.09,0.16,0.26,0.27,0.47,0.55,0.51,0.58,0.64,0.74,0.66,0.74,0.81,0.81,0.87,0.84,0.92
2023-04-18,173,"포도","food_drink",0.26,0.26,0.36,0.4,0.51,0.46,0.74,0.78,0.76,0.77,0.83,0.89,0.86,0.93,0.9,0.91,0.97,0.9,0.97
2023-04-18,174,"피자","food_drink",0.05,0.03,0.03,0.13,0.2,0.27,0.41,0.52,0.53,0.6,0.76,0.69,0.77,0.85,0.85,0.83,0.89,0.88,0.96
2023-04-18,175,"핫도그","food_drink",0.02,0.02,0.01,0.02,0.03,0.01,0.12,0.11,0.17,0.17,0.29,0.35,0.37,0.37,0.45,0.41,0.58,0.54,0.52
2023-04-18,176,"햄버거","food_drink",0.03,0.02,0,0.02,0.06,0.14,0.25,0.3,0.3,0.38,0.46,0.56,0.59,0.6,0.72,0.69,0.8,0.75,0.9
2023-04-18,177,"호떡","food_drink",0,0,0,0.02,0.04,0.03,0.11,0.1,0.14,0.17,0.19,0.29,0.23,0.34,0.31,0.29,0.45,0.39,0.45
2023-04-18,178,"호박","food_drink",0.08,0.02,0.09,0.1,0.19,0.21,0.4,0.44,0.46,0.5,0.54,0.58,0.51,0.64,0.55,0.67,0.78,0.78,0.79
2023-04-18,179,"고추","body_parts",0.18,0.2,0.24,0.25,0.4,0.33,0.54,0.58,0.63,0.64,0.72,0.75,0.76,0.81,0.82,0.8,0.78,0.74,0.86
2023-04-18,180,"귀","body_parts",0.43,0.4,0.43,0.63,0.6,0.71,0.81,0.89,0.84,0.86,0.88,0.94,0.91,0.97,0.96,0.96,0.97,0.94,0.99
2023-04-18,181,"눈","body_parts",0.43,0.43,0.52,0.71,0.73,0.8,0.84,0.93,0.9,0.89,0.91,0.94,0.93,0.97,0.97,0.96,1,0.96,0.99
2023-04-18,182,"다리","body_parts",0.15,0.17,0.19,0.38,0.41,0.49,0.72,0.77,0.8,0.7,0.82,0.9,0.86,0.95,0.91,0.85,0.97,0.9,0.97
2023-04-18,183,"등","body_parts",0.03,0.06,0.09,0.21,0.19,0.29,0.46,0.4,0.43,0.53,0.63,0.62,0.61,0.71,0.66,0.65,0.87,0.78,0.85
2023-04-18,184,"똥꼬","body_parts",0.09,0.12,0.18,0.27,0.26,0.31,0.52,0.59,0.61,0.56,0.63,0.74,0.63,0.78,0.66,0.72,0.75,0.78,0.79
2023-04-18,185,"머리","body_parts",0.38,0.34,0.39,0.41,0.51,0.63,0.73,0.82,0.87,0.81,0.87,0.92,0.87,0.96,0.96,0.93,0.96,0.91,0.99
2023-04-18,186,"머리카락","body_parts",0.08,0.06,0.07,0.17,0.3,0.3,0.44,0.6,0.64,0.56,0.65,0.72,0.69,0.71,0.73,0.75,0.87,0.8,0.9
2023-04-18,187,"목","body_parts",0.09,0.12,0.16,0.27,0.34,0.47,0.63,0.67,0.76,0.65,0.71,0.86,0.8,0.85,0.84,0.81,0.96,0.87,0.94
2023-04-18,188,"몸","body_parts",0.06,0,0,0.08,0.17,0.14,0.27,0.3,0.4,0.35,0.56,0.6,0.5,0.56,0.57,0.56,0.75,0.71,0.8
2023-04-18,189,"무릎","body_parts",0.06,0.06,0.07,0.16,0.26,0.27,0.37,0.42,0.51,0.49,0.62,0.65,0.61,0.67,0.73,0.73,0.83,0.8,0.87
2023-04-18,190,"발","body_parts",0.48,0.43,0.52,0.56,0.69,0.7,0.8,0.92,0.86,0.83,0.86,0.91,0.93,0.95,0.97,0.92,0.96,0.94,0.99
2023-04-18,191,"발목","body_parts",0,0,0,0.02,0.09,0.03,0.14,0.14,0.17,0.22,0.26,0.21,0.29,0.38,0.31,0.41,0.41,0.35,0.42
2023-04-18,192,"발톱","body_parts",0.05,0.02,0.1,0.1,0.2,0.24,0.32,0.45,0.46,0.51,0.51,0.6,0.6,0.63,0.6,0.67,0.79,0.75,0.82
2023-04-18,193,"배","body_parts",0.37,0.28,0.37,0.57,0.53,0.61,0.8,0.82,0.84,0.84,0.9,0.91,0.9,0.97,0.91,0.93,0.97,0.93,0.96
2023-04-18,194,"배꼽","body_parts",0.26,0.31,0.36,0.35,0.49,0.61,0.67,0.7,0.76,0.8,0.79,0.88,0.83,0.9,0.9,0.88,0.96,0.88,0.97
2023-04-18,195,"뺨","body_parts",0.08,0.06,0.03,0.11,0.16,0.14,0.3,0.38,0.36,0.35,0.47,0.51,0.4,0.47,0.46,0.52,0.54,0.49,0.66
2023-04-18,196,"손","body_parts",0.4,0.37,0.49,0.57,0.64,0.64,0.77,0.88,0.86,0.83,0.87,0.94,0.87,0.96,0.94,0.93,0.99,0.91,0.99
2023-04-18,197,"손가락","body_parts",0.08,0.05,0.15,0.21,0.24,0.3,0.49,0.59,0.6,0.53,0.67,0.81,0.7,0.79,0.78,0.77,0.88,0.86,0.92
2023-04-18,198,"어깨","body_parts",0.05,0.05,0.06,0.11,0.24,0.21,0.41,0.37,0.37,0.52,0.59,0.62,0.66,0.68,0.63,0.65,0.83,0.74,0.8
2023-04-18,199,"얼굴","body_parts",0.17,0.09,0.24,0.25,0.34,0.46,0.57,0.7,0.7,0.67,0.78,0.86,0.8,0.89,0.87,0.87,0.93,0.9,0.97
2023-04-18,200,"엉덩이","body_parts",0.15,0.11,0.25,0.33,0.39,0.39,0.62,0.68,0.66,0.72,0.78,0.88,0.83,0.9,0.88,0.91,0.95,0.9,0.97
2023-04-18,201,"이/이빨","body_parts",0.22,0.23,0.27,0.44,0.46,0.49,0.68,0.74,0.76,0.72,0.82,0.85,0.84,0.89,0.85,0.89,0.91,0.91,0.94
2023-04-18,202,"입","body_parts",0.37,0.37,0.45,0.63,0.66,0.7,0.8,0.86,0.87,0.83,0.88,0.89,0.89,0.96,0.94,0.93,0.97,0.94,0.99
2023-04-18,203,"입술","body_parts",0.03,0.06,0.07,0.13,0.2,0.16,0.38,0.45,0.39,0.45,0.55,0.61,0.54,0.66,0.66,0.67,0.78,0.7,0.85
2023-04-18,204,"코","body_parts",0.52,0.57,0.52,0.68,0.67,0.77,0.79,0.88,0.89,0.88,0.94,0.94,0.91,0.97,0.99,0.92,1,0.91,0.99
2023-04-18,205,"턱","body_parts",0.05,0.02,0.07,0.16,0.19,0.21,0.28,0.37,0.41,0.45,0.47,0.54,0.5,0.6,0.61,0.64,0.67,0.65,0.77
2023-04-18,206,"팔","body_parts",0.09,0.09,0.18,0.22,0.36,0.46,0.58,0.63,0.69,0.62,0.71,0.86,0.79,0.84,0.91,0.81,0.89,0.93,0.92
2023-04-18,207,"피","body_parts",0.05,0.05,0.06,0.13,0.21,0.26,0.42,0.48,0.44,0.5,0.65,0.62,0.7,0.74,0.67,0.72,0.84,0.83,0.82
2023-04-18,208,"허리","body_parts",0.02,0.02,0.03,0.03,0.13,0.1,0.22,0.22,0.29,0.35,0.41,0.48,0.41,0.52,0.54,0.56,0.68,0.71,0.66
2023-04-18,209,"혀","body_parts",0.03,0.02,0.1,0.1,0.14,0.17,0.22,0.33,0.33,0.38,0.46,0.52,0.5,0.55,0.58,0.57,0.74,0.67,0.7
2023-04-18,210,"가위","household",0.18,0.18,0.19,0.3,0.33,0.46,0.65,0.75,0.81,0.7,0.79,0.88,0.83,0.9,0.93,0.89,0.97,0.93,0.99
2023-04-18,211,"걸레","household",0.12,0.05,0.15,0.14,0.3,0.23,0.46,0.51,0.56,0.47,0.65,0.69,0.7,0.73,0.72,0.8,0.83,0.77,0.9
2023-04-18,212,"그릇","household",0.08,0.05,0.15,0.14,0.24,0.23,0.4,0.55,0.44,0.47,0.59,0.7,0.69,0.77,0.72,0.81,0.84,0.81,0.87
2023-04-18,213,"그림","household",0.06,0.03,0.04,0.14,0.23,0.21,0.37,0.42,0.57,0.57,0.65,0.78,0.73,0.75,0.84,0.84,0.88,0.81,0.9
2023-04-18,214,"돈","household",0.15,0.11,0.13,0.32,0.43,0.39,0.58,0.7,0.63,0.61,0.71,0.79,0.8,0.85,0.84,0.83,0.88,0.88,0.94
2023-04-18,215,"라디오","household",0.08,0.02,0,0.1,0.1,0.11,0.2,0.27,0.26,0.32,0.41,0.5,0.46,0.58,0.54,0.57,0.67,0.57,0.66
2023-04-18,216,"망치","household",0.02,0,0.03,0.03,0.1,0.09,0.17,0.18,0.29,0.27,0.38,0.4,0.4,0.37,0.48,0.39,0.57,0.52,0.62
2023-04-18,217,"못","household",0.02,0.02,0.01,0,0.04,0.04,0.11,0.14,0.17,0.15,0.26,0.32,0.21,0.27,0.34,0.25,0.49,0.41,0.42
2023-04-18,218,"병","household",0.02,0.02,0.03,0.06,0.17,0.13,0.25,0.33,0.3,0.36,0.4,0.44,0.46,0.64,0.61,0.63,0.75,0.71,0.73
2023-04-18,219,"비누","household",0.2,0.14,0.24,0.32,0.46,0.49,0.64,0.71,0.73,0.7,0.76,0.89,0.86,0.93,0.96,0.93,0.95,0.93,0.99
2023-04-18,220,"빗","household",0.22,0.15,0.19,0.24,0.41,0.4,0.54,0.66,0.69,0.67,0.68,0.85,0.76,0.9,0.79,0.84,0.87,0.9,0.9
2023-04-18,221,"빗자루","household",0.02,0,0.06,0.08,0.16,0.09,0.27,0.3,0.27,0.26,0.42,0.59,0.49,0.52,0.55,0.59,0.67,0.62,0.65
2023-04-18,222,"상자","household",0.03,0.02,0.04,0.08,0.16,0.13,0.19,0.22,0.29,0.33,0.44,0.49,0.49,0.47,0.57,0.63,0.68,0.7,0.79
2023-04-18,223,"수건","household",0.17,0.11,0.27,0.24,0.39,0.44,0.58,0.68,0.79,0.7,0.76,0.88,0.84,0.93,0.88,0.92,0.91,0.93,0.96
2023-04-18,224,"숟가락","household",0.17,0.23,0.25,0.3,0.4,0.47,0.62,0.77,0.74,0.64,0.76,0.86,0.84,0.92,0.88,0.92,0.93,0.91,0.96
2023-04-18,225,"시계","household",0.22,0.2,0.25,0.3,0.4,0.46,0.63,0.68,0.67,0.73,0.78,0.86,0.86,0.88,0.9,0.89,0.92,0.93,0.96
2023-04-18,226,"쓰레기","household",0.06,0.09,0.07,0.11,0.21,0.14,0.41,0.52,0.5,0.55,0.59,0.74,0.67,0.75,0.72,0.73,0.82,0.86,0.9
2023-04-18,227,"쓰레기통/휴지통","household",0.09,0.05,0.1,0.14,0.29,0.23,0.42,0.51,0.63,0.53,0.62,0.79,0.73,0.84,0.84,0.84,0.83,0.84,0.93
2023-04-18,228,"안경","household",0.22,0.22,0.31,0.25,0.41,0.5,0.59,0.71,0.63,0.73,0.76,0.88,0.8,0.88,0.88,0.88,0.95,0.9,0.93
2023-04-18,229,"약","household",0.25,0.28,0.37,0.44,0.51,0.59,0.65,0.82,0.79,0.78,0.85,0.91,0.87,0.96,0.85,0.93,0.97,0.91,0.96
2023-04-18,230,"열쇠","household",0.17,0.14,0.22,0.25,0.31,0.33,0.46,0.56,0.56,0.6,0.63,0.71,0.7,0.82,0.76,0.79,0.86,0.83,0.96
2023-04-18,231,"옷걸이","household",0.03,0.02,0.03,0.08,0.2,0.1,0.28,0.23,0.34,0.38,0.49,0.52,0.49,0.64,0.61,0.64,0.7,0.7,0.8
2023-04-18,232,"우산","household",0.17,0.17,0.18,0.21,0.36,0.39,0.56,0.68,0.71,0.72,0.73,0.89,0.8,0.93,0.87,0.91,0.93,0.9,0.97
2023-04-18,233,"쟁반","household",0.03,0.02,0.03,0.02,0.11,0.04,0.16,0.21,0.26,0.17,0.31,0.29,0.4,0.37,0.42,0.39,0.58,0.49,0.63
2023-04-18,234,"전화","household",0.31,0.23,0.36,0.3,0.47,0.5,0.67,0.77,0.73,0.73,0.78,0.85,0.86,0.93,0.91,0.93,0.96,0.91,0.97
2023-04-18,235,"접시","household",0.02,0.02,0.04,0.02,0.19,0.17,0.31,0.38,0.4,0.36,0.53,0.66,0.44,0.63,0.6,0.69,0.76,0.77,0.8
2023-04-18,236,"젓가락","household",0.11,0.11,0.1,0.1,0.29,0.29,0.44,0.6,0.6,0.56,0.67,0.76,0.67,0.81,0.79,0.88,0.87,0.88,0.92
2023-04-18,237,"지갑","household",0.06,0.03,0.12,0.08,0.29,0.17,0.35,0.44,0.47,0.51,0.6,0.64,0.63,0.74,0.75,0.77,0.79,0.75,0.87
2023-04-18,238,"청소기","household",0.14,0.05,0.16,0.14,0.27,0.23,0.46,0.51,0.57,0.57,0.67,0.76,0.73,0.71,0.79,0.79,0.84,0.81,0.9
2023-04-18,239,"치약","household",0.12,0.09,0.21,0.25,0.4,0.36,0.44,0.56,0.61,0.65,0.74,0.82,0.77,0.89,0.87,0.85,0.92,0.87,0.93
2023-04-18,240,"칫솔","household",0.26,0.25,0.33,0.38,0.53,0.51,0.58,0.66,0.76,0.72,0.76,0.88,0.84,0.92,0.88,0.91,0.95,0.9,0.94
2023-04-18,241,"카메라","household",0.09,0.05,0.1,0.16,0.24,0.24,0.38,0.47,0.49,0.51,0.55,0.7,0.67,0.84,0.75,0.72,0.82,0.83,0.86
2023-04-18,242,"칼","household",0.11,0.11,0.12,0.22,0.27,0.34,0.46,0.62,0.54,0.65,0.69,0.75,0.77,0.75,0.82,0.81,0.87,0.9,0.93
2023-04-18,243,"컵","household",0.38,0.26,0.42,0.48,0.49,0.63,0.67,0.86,0.81,0.75,0.82,0.91,0.84,0.97,0.9,0.92,0.96,0.94,0.99
2023-04-18,244,"포크","household",0.2,0.17,0.21,0.33,0.33,0.43,0.57,0.66,0.64,0.62,0.73,0.85,0.79,0.9,0.87,0.87,0.92,0.9,0.93
2023-04-18,245,"휴지","household",0.23,0.15,0.27,0.29,0.39,0.41,0.48,0.7,0.74,0.7,0.77,0.86,0.81,0.89,0.85,0.91,0.93,0.9,0.99
2023-04-18,246,"구름","outside",0.05,0.05,0.06,0.14,0.14,0.2,0.31,0.34,0.44,0.48,0.53,0.68,0.53,0.7,0.6,0.69,0.79,0.72,0.85
2023-04-18,247,"그네","outside",0.18,0.15,0.24,0.27,0.31,0.3,0.51,0.59,0.67,0.64,0.71,0.81,0.74,0.86,0.85,0.88,0.86,0.9,0.96
2023-04-18,248,"길","outside",0.03,0,0.01,0.03,0.16,0.09,0.19,0.25,0.24,0.28,0.44,0.46,0.39,0.51,0.51,0.57,0.72,0.7,0.7
2023-04-18,249,"깃발","outside",0.05,0,0.01,0.02,0.01,0.03,0.07,0.11,0.13,0.2,0.22,0.22,0.23,0.25,0.22,0.24,0.37,0.29,0.37
2023-04-18,250,"꽃","outside",0.46,0.48,0.48,0.56,0.59,0.67,0.77,0.82,0.87,0.85,0.87,0.92,0.89,0.97,0.94,0.96,0.96,0.93,0.99
2023-04-18,251,"나무","outside",0.23,0.23,0.3,0.35,0.46,0.54,0.69,0.75,0.8,0.81,0.77,0.88,0.83,0.93,0.91,0.91,0.97,0.93,0.97
2023-04-18,252,"눈","outside",0.12,0.11,0.15,0.38,0.39,0.49,0.54,0.67,0.64,0.72,0.72,0.8,0.77,0.89,0.81,0.8,0.88,0.91,0.93
2023-04-18,253,"눈사람","outside",0.05,0.02,0.06,0.11,0.21,0.19,0.36,0.45,0.51,0.64,0.58,0.69,0.66,0.77,0.81,0.8,0.84,0.84,0.93
2023-04-18,254,"달","outside",0.12,0.09,0.13,0.25,0.33,0.33,0.57,0.64,0.63,0.68,0.64,0.78,0.73,0.74,0.79,0.81,0.87,0.81,0.87
2023-04-18,255,"돌","outside",0.06,0.08,0.07,0.1,0.24,0.24,0.32,0.45,0.5,0.5,0.56,0.66,0.66,0.71,0.76,0.69,0.79,0.84,0.9
2023-04-18,256,"땅","outside",0.03,0.02,0.03,0.05,0.19,0.1,0.15,0.22,0.3,0.35,0.36,0.49,0.41,0.53,0.51,0.45,0.62,0.59,0.63
2023-04-18,257,"모래","outside",0.05,0,0.04,0.06,0.16,0.16,0.25,0.34,0.39,0.48,0.51,0.59,0.54,0.64,0.7,0.72,0.78,0.77,0.83
2023-04-18,258,"미끄럼틀","outside",0.17,0.08,0.18,0.24,0.34,0.37,0.49,0.56,0.67,0.67,0.72,0.78,0.77,0.86,0.9,0.85,0.92,0.88,0.93
2023-04-18,259,"바람","outside",0.05,0,0.06,0.11,0.19,0.16,0.32,0.37,0.37,0.47,0.49,0.66,0.59,0.73,0.73,0.72,0.87,0.78,0.86
2023-04-18,260,"바위","outside",0.02,0,0.01,0.03,0.01,0.03,0.1,0.11,0.19,0.23,0.26,0.26,0.26,0.37,0.42,0.36,0.53,0.39,0.46
2023-04-18,261,"별","outside",0.15,0.18,0.21,0.32,0.37,0.46,0.53,0.6,0.61,0.72,0.72,0.75,0.81,0.77,0.82,0.87,0.84,0.87,0.9
2023-04-18,262,"불","outside",0.12,0.09,0.16,0.32,0.34,0.33,0.44,0.56,0.49,0.61,0.71,0.71,0.7,0.78,0.78,0.81,0.91,0.86,0.9
2023-04-18,263,"비","outside",0.17,0.12,0.22,0.44,0.41,0.49,0.64,0.77,0.73,0.7,0.79,0.85,0.86,0.92,0.84,0.95,0.97,0.91,0.99
2023-04-18,264,"사다리","outside",0.02,0,0,0.05,0.07,0.06,0.14,0.26,0.24,0.34,0.29,0.36,0.41,0.47,0.49,0.47,0.64,0.64,0.68
2023-04-18,265,"시소","outside",0.11,0.08,0.13,0.16,0.26,0.19,0.44,0.53,0.57,0.64,0.6,0.69,0.61,0.78,0.76,0.8,0.82,0.86,0.9
2023-04-18,266,"잔디","outside",0,0,0.03,0,0.07,0.01,0.11,0.08,0.13,0.17,0.18,0.19,0.24,0.36,0.27,0.31,0.42,0.29,0.39
2023-04-18,267,"지붕","outside",0.02,0,0.01,0.02,0.11,0.03,0.15,0.15,0.16,0.2,0.23,0.31,0.27,0.29,0.37,0.33,0.55,0.43,0.56
2023-04-18,268,"풀","outside",0.05,0.05,0.06,0.08,0.17,0.14,0.25,0.32,0.33,0.36,0.46,0.58,0.49,0.59,0.6,0.57,0.71,0.64,0.77
2023-04-18,269,"하늘","outside",0.09,0.06,0.06,0.17,0.24,0.23,0.4,0.47,0.57,0.55,0.59,0.76,0.64,0.71,0.79,0.81,0.86,0.81,0.89
2023-04-18,270,"해/햇빛","outside",0.11,0.06,0.1,0.22,0.24,0.3,0.52,0.59,0.61,0.64,0.67,0.75,0.64,0.78,0.76,0.85,0.84,0.86,0.92
2023-04-18,271,"흙","outside",0.03,0.02,0.04,0.02,0.19,0.07,0.22,0.32,0.33,0.34,0.53,0.55,0.44,0.59,0.67,0.6,0.67,0.72,0.83
2023-04-18,272,"고마워","games_routines",0.2,0.23,0.22,0.43,0.5,0.49,0.69,0.75,0.73,0.73,0.76,0.88,0.83,0.89,0.93,0.89,0.92,0.93,0.97
2023-04-18,273,"네/응","games_routines",0.74,0.77,0.75,0.92,0.83,0.9,0.86,0.95,0.9,0.99,0.92,0.96,0.93,0.97,0.97,0.97,0.97,0.96,0.99
2023-04-18,274,"돼","games_routines",0.03,0.12,0.04,0.1,0.34,0.21,0.44,0.45,0.46,0.57,0.53,0.7,0.6,0.75,0.75,0.71,0.82,0.7,0.83
2023-04-18,275,"만세","games_routines",0.23,0.23,0.25,0.41,0.43,0.54,0.59,0.75,0.66,0.73,0.81,0.84,0.77,0.86,0.82,0.85,0.87,0.86,0.89
2023-04-18,276,"목욕","games_routines",0.15,0.08,0.21,0.24,0.41,0.34,0.51,0.68,0.67,0.62,0.74,0.85,0.8,0.88,0.88,0.88,0.95,0.9,0.97
2023-04-18,277,"빠이빠이","games_routines",0.62,0.69,0.67,0.79,0.83,0.76,0.85,0.92,0.87,0.95,0.9,0.98,0.84,0.99,0.93,0.95,0.96,0.91,0.97
2023-04-18,278,"쉬","games_routines",0.55,0.65,0.6,0.65,0.7,0.76,0.81,0.9,0.89,0.92,0.9,0.95,0.9,0.96,0.94,0.96,0.97,0.94,0.96
2023-04-18,279,"아니(야)","games_routines",0.43,0.51,0.49,0.68,0.67,0.7,0.75,0.81,0.83,0.91,0.87,0.92,0.87,0.97,0.96,0.93,0.97,0.96,0.96
2023-04-18,280,"안녕","games_routines",0.51,0.57,0.72,0.73,0.77,0.8,0.89,0.93,0.84,0.9,0.86,0.94,0.89,0.99,0.97,0.97,0.96,0.94,0.99
2023-04-18,281,"안돼","games_routines",0.28,0.26,0.31,0.41,0.51,0.57,0.78,0.78,0.77,0.83,0.81,0.92,0.87,0.97,0.9,0.89,0.93,0.96,0.99
2023-04-18,282,"양치","games_routines",0.14,0.11,0.12,0.19,0.34,0.31,0.44,0.51,0.54,0.45,0.6,0.68,0.59,0.68,0.76,0.76,0.86,0.83,0.76
2023-04-18,283,"응가/똥","games_routines",0.54,0.45,0.58,0.71,0.6,0.76,0.83,0.86,0.91,0.92,0.88,0.94,0.9,0.96,0.96,0.97,0.97,0.94,0.97
2023-04-18,284,"파이팅","games_routines",0.2,0.12,0.13,0.29,0.43,0.36,0.53,0.49,0.49,0.59,0.64,0.69,0.7,0.66,0.7,0.68,0.8,0.7,0.77
2023-04-18,285,"하지마","games_routines",0.14,0.14,0.24,0.24,0.4,0.41,0.6,0.74,0.74,0.68,0.74,0.85,0.81,0.89,0.91,0.93,0.91,0.9,0.99
2023-04-18,286,"가게","places",0.06,0.05,0.06,0.03,0.19,0.16,0.33,0.41,0.37,0.44,0.56,0.61,0.59,0.66,0.67,0.76,0.87,0.7,0.83
2023-04-18,287,"강","places",0.02,0,0.01,0.02,0.07,0.04,0.22,0.23,0.23,0.31,0.28,0.38,0.29,0.36,0.4,0.45,0.43,0.48,0.62
2023-04-18,288,"공원","places",0.03,0,0,0.03,0.09,0.07,0.17,0.16,0.29,0.31,0.36,0.44,0.49,0.51,0.57,0.45,0.63,0.67,0.61
2023-04-18,289,"교회","places",0.03,0,0.06,0.08,0.1,0.04,0.15,0.27,0.2,0.15,0.22,0.31,0.23,0.4,0.36,0.32,0.42,0.43,0.41
2023-04-18,290,"놀이터","places",0.12,0.06,0.1,0.16,0.24,0.31,0.44,0.6,0.66,0.61,0.73,0.8,0.76,0.84,0.85,0.89,0.92,0.88,0.94
2023-04-18,291,"동물원","places",0.03,0.02,0.03,0.06,0.19,0.06,0.23,0.29,0.29,0.42,0.46,0.58,0.59,0.62,0.67,0.71,0.78,0.77,0.8
2023-04-18,292,"마당","places",0,0,0,0,0.04,0,0.16,0.14,0.26,0.19,0.22,0.24,0.27,0.26,0.19,0.29,0.41,0.35,0.41
2023-04-18,293,"바깥","places",0.12,0.08,0.16,0.13,0.27,0.26,0.4,0.45,0.46,0.52,0.55,0.71,0.54,0.74,0.63,0.75,0.8,0.78,0.83
2023-04-18,294,"바다","places",0.06,0.02,0.06,0.13,0.2,0.16,0.27,0.37,0.41,0.49,0.58,0.56,0.56,0.75,0.66,0.72,0.8,0.71,0.83
2023-04-18,295,"병원","places",0.09,0.05,0.13,0.11,0.3,0.3,0.47,0.6,0.64,0.61,0.71,0.86,0.8,0.86,0.84,0.89,0.91,0.88,0.94
2023-04-18,296,"산","places",0.05,0.02,0.04,0.08,0.14,0.09,0.27,0.3,0.29,0.45,0.55,0.5,0.53,0.64,0.63,0.67,0.71,0.74,0.85
2023-04-18,297,"수영장","places",0.02,0.02,0,0.02,0.07,0.01,0.14,0.12,0.21,0.3,0.35,0.32,0.37,0.48,0.46,0.45,0.57,0.65,0.69
2023-04-18,298,"숲","places",0,0,0,0,0.03,0,0.05,0.03,0.13,0.17,0.19,0.21,0.16,0.12,0.25,0.29,0.28,0.23,0.3
2023-04-18,299,"슈퍼마켓","places",0.06,0.02,0.06,0.02,0.14,0.17,0.3,0.36,0.4,0.47,0.55,0.65,0.56,0.67,0.69,0.73,0.86,0.74,0.82
2023-04-18,300,"시골","places",0,0,0,0,0,0.03,0.12,0.14,0.11,0.17,0.24,0.12,0.23,0.23,0.27,0.27,0.36,0.35,0.38
2023-04-18,301,"시장","places",0.05,0.03,0.04,0.11,0.2,0.17,0.32,0.41,0.36,0.48,0.5,0.55,0.57,0.63,0.61,0.68,0.84,0.71,0.77
2023-04-18,302,"아파트","places",0.08,0.02,0.07,0.1,0.26,0.14,0.35,0.44,0.5,0.55,0.55,0.54,0.64,0.75,0.79,0.68,0.76,0.75,0.89
2023-04-18,303,"유치원","places",0.06,0.03,0,0.11,0.11,0.13,0.15,0.36,0.34,0.45,0.59,0.6,0.6,0.71,0.75,0.72,0.83,0.77,0.85
2023-04-18,304,"은행","places",0.02,0,0.01,0.05,0.07,0.09,0.25,0.26,0.34,0.32,0.38,0.42,0.54,0.55,0.6,0.57,0.75,0.67,0.75
2023-04-18,305,"일","places",0.05,0,0,0,0.04,0.01,0.15,0.18,0.14,0.19,0.32,0.31,0.36,0.41,0.25,0.4,0.51,0.52,0.52
2023-04-18,306,"절","places",0,0,0,0.02,0.03,0,0.11,0.08,0.11,0.14,0.18,0.2,0.13,0.11,0.18,0.15,0.3,0.2,0.21
2023-04-18,307,"주유소","places",0.02,0,0,0.03,0.07,0.04,0.11,0.11,0.24,0.23,0.26,0.3,0.37,0.33,0.4,0.41,0.51,0.46,0.55
2023-04-18,308,"집","places",0.14,0.08,0.16,0.24,0.4,0.43,0.53,0.73,0.66,0.74,0.81,0.89,0.76,0.89,0.87,0.92,0.92,0.93,0.94
2023-04-18,309,"학교","places",0.05,0.02,0,0.08,0.13,0.1,0.26,0.4,0.34,0.36,0.49,0.54,0.51,0.58,0.67,0.63,0.78,0.75,0.83
2023-04-18,310,"회사","places",0.03,0.05,0.04,0.14,0.26,0.23,0.4,0.47,0.46,0.53,0.59,0.65,0.63,0.64,0.72,0.72,0.84,0.83,0.89
2023-04-18,311,"너무","quantifiers",0.02,0.02,0,0.03,0.07,0.13,0.21,0.3,0.26,0.44,0.56,0.54,0.53,0.53,0.55,0.64,0.7,0.7,0.89
2023-04-18,312,"다","quantifiers",0.06,0.08,0.01,0.11,0.2,0.21,0.36,0.37,0.49,0.45,0.54,0.64,0.63,0.64,0.61,0.68,0.78,0.75,0.77
2023-04-18,313,"다시","quantifiers",0.06,0.08,0.07,0.17,0.23,0.24,0.43,0.44,0.53,0.48,0.56,0.68,0.6,0.62,0.66,0.72,0.79,0.74,0.85
2023-04-18,314,"더","quantifiers",0.22,0.18,0.21,0.25,0.56,0.44,0.56,0.62,0.6,0.65,0.69,0.75,0.74,0.75,0.66,0.85,0.86,0.86,0.9
2023-04-18,315,"또","quantifiers",0.52,0.4,0.4,0.56,0.51,0.6,0.65,0.73,0.7,0.77,0.82,0.85,0.76,0.88,0.82,0.89,0.91,0.88,0.87
2023-04-18,316,"많이","quantifiers",0.15,0.09,0.18,0.29,0.4,0.39,0.63,0.64,0.67,0.72,0.76,0.88,0.8,0.84,0.85,0.92,0.89,0.91,0.96
2023-04-18,317,"빨리","quantifiers",0.14,0.14,0.16,0.25,0.33,0.37,0.53,0.64,0.6,0.61,0.77,0.76,0.77,0.84,0.78,0.84,0.92,0.91,0.94
2023-04-18,318,"아주","quantifiers",0.02,0,0,0,0.03,0.06,0.1,0.07,0.16,0.25,0.24,0.3,0.24,0.32,0.16,0.37,0.41,0.55,0.44
2023-04-18,319,"자꾸","quantifiers",0.03,0.02,0,0.03,0.06,0.09,0.1,0.15,0.2,0.31,0.37,0.4,0.4,0.38,0.42,0.53,0.62,0.68,0.76
2023-04-18,320,"잘","quantifiers",0.02,0.02,0.01,0.08,0.13,0.07,0.25,0.25,0.39,0.42,0.49,0.54,0.44,0.58,0.49,0.6,0.72,0.78,0.8
2023-04-18,321,"전부","quantifiers",0.03,0.02,0,0.02,0.03,0.06,0.09,0.08,0.13,0.19,0.24,0.24,0.3,0.26,0.22,0.39,0.39,0.43,0.56
2023-04-18,322,"조금","quantifiers",0.02,0.02,0.01,0.08,0.17,0.16,0.36,0.36,0.41,0.47,0.56,0.62,0.54,0.67,0.61,0.72,0.76,0.77,0.9
2023-04-18,323,"진짜","quantifiers",0.02,0.05,0.01,0.05,0.17,0.14,0.22,0.22,0.21,0.39,0.41,0.48,0.43,0.45,0.54,0.57,0.66,0.65,0.72
2023-04-18,324,"하나","quantifiers",0.15,0.12,0.13,0.25,0.44,0.26,0.57,0.63,0.64,0.64,0.71,0.78,0.74,0.75,0.69,0.88,0.87,0.83,0.82
2023-04-18,325,"간호사","people",0.03,0.02,0,0.03,0.07,0.06,0.2,0.22,0.26,0.35,0.38,0.32,0.36,0.47,0.54,0.48,0.59,0.61,0.69
2023-04-18,326,"경찰(관)","people",0.03,0.03,0,0.05,0.14,0.13,0.3,0.25,0.34,0.42,0.42,0.6,0.54,0.63,0.61,0.69,0.74,0.75,0.86
2023-04-18,327,"고모","people",0.12,0.22,0.18,0.27,0.4,0.39,0.51,0.52,0.54,0.52,0.65,0.62,0.67,0.63,0.69,0.68,0.78,0.74,0.69
2023-04-18,328,"공주","people",0.02,0.02,0.04,0.06,0.1,0.09,0.19,0.25,0.24,0.36,0.44,0.4,0.47,0.47,0.57,0.59,0.71,0.64,0.72
2023-04-18,329,"군인","people",0,0.02,0,0.03,0.06,0.01,0.17,0.11,0.11,0.22,0.26,0.28,0.34,0.34,0.3,0.37,0.46,0.42,0.51
2023-04-18,330,"귀신","people",0.06,0.02,0,0.03,0.11,0.03,0.19,0.26,0.23,0.23,0.46,0.36,0.41,0.52,0.54,0.52,0.66,0.67,0.73
2023-04-18,331,"남자","people",0.03,0.02,0,0,0.13,0.06,0.19,0.19,0.34,0.35,0.44,0.48,0.49,0.63,0.64,0.64,0.7,0.7,0.79
2023-04-18,332,"도둑","people",0.02,0,0,0,0.01,0,0.06,0.04,0.1,0.14,0.13,0.11,0.24,0.26,0.21,0.27,0.42,0.32,0.41
2023-04-18,333,"동생","people",0.05,0.03,0.16,0.11,0.2,0.2,0.4,0.44,0.36,0.41,0.62,0.55,0.67,0.64,0.64,0.77,0.87,0.77,0.9
2023-04-18,334,"딸","people",0.03,0.06,0.01,0.05,0.07,0.11,0.21,0.16,0.24,0.26,0.32,0.28,0.26,0.25,0.42,0.4,0.54,0.41,0.63
2023-04-18,335,"사람","people",0.02,0.02,0.03,0.06,0.1,0.09,0.21,0.25,0.24,0.34,0.41,0.45,0.46,0.56,0.54,0.61,0.74,0.71,0.83
2023-04-18,336,"삼촌","people",0.22,0.18,0.22,0.29,0.39,0.44,0.54,0.53,0.54,0.5,0.71,0.69,0.76,0.85,0.7,0.79,0.83,0.81,0.87
2023-04-18,337,"선생님","people",0.14,0.09,0.16,0.22,0.3,0.29,0.52,0.58,0.6,0.67,0.74,0.82,0.77,0.88,0.91,0.87,0.92,0.87,0.94
2023-04-18,338,"소방수","people",0.03,0.02,0,0,0.04,0.01,0.14,0.07,0.19,0.12,0.21,0.36,0.29,0.32,0.27,0.44,0.46,0.42,0.51
2023-04-18,339,"아기/아가","people",0.57,0.6,0.57,0.75,0.73,0.71,0.83,0.89,0.86,0.9,0.88,0.96,0.87,0.97,0.97,0.97,0.96,0.94,0.97
2023-04-18,340,"아들","people",0.03,0.03,0.03,0.02,0.07,0.03,0.23,0.14,0.24,0.28,0.33,0.36,0.3,0.33,0.36,0.41,0.43,0.43,0.55
2023-04-18,341,"아빠","people",0.88,0.85,0.82,0.9,0.9,0.86,0.89,0.96,0.94,0.97,0.95,1,0.94,0.99,0.99,0.96,0.96,0.96,0.99
2023-04-18,342,"아저씨","people",0.22,0.26,0.31,0.35,0.5,0.39,0.58,0.71,0.57,0.67,0.78,0.8,0.87,0.88,0.85,0.87,0.89,0.86,0.97
2023-04-18,343,"아줌마","people",0.09,0.12,0.13,0.14,0.27,0.19,0.48,0.53,0.54,0.57,0.67,0.65,0.77,0.84,0.76,0.84,0.86,0.84,0.93
2023-04-18,344,"어른","people",0.02,0,0,0.05,0.03,0.09,0.07,0.15,0.17,0.17,0.36,0.26,0.36,0.37,0.34,0.45,0.53,0.57,0.54
2023-04-18,345,"언니","people",0.31,0.35,0.34,0.43,0.49,0.54,0.57,0.6,0.61,0.56,0.72,0.68,0.56,0.68,0.67,0.68,0.72,0.77,0.76
2023-04-18,346,"엄마","people",0.86,0.83,0.81,0.92,0.89,0.81,0.84,0.92,0.91,0.97,0.95,1,0.91,0.99,0.97,0.97,0.97,0.97,0.99
2023-04-18,347,"여자","people",0.02,0,0.03,0,0.09,0.06,0.14,0.16,0.29,0.31,0.38,0.42,0.49,0.62,0.49,0.57,0.72,0.67,0.79
2023-04-18,348,"오빠","people",0.29,0.35,0.28,0.41,0.47,0.44,0.47,0.52,0.61,0.57,0.74,0.68,0.66,0.67,0.6,0.65,0.74,0.78,0.8
2023-04-18,349,"왕자","people",0.02,0.02,0.01,0,0.07,0.01,0.12,0.1,0.17,0.25,0.36,0.32,0.33,0.4,0.4,0.45,0.55,0.48,0.61
2023-04-18,350,"우체부","people",0.02,0,0,0.02,0.01,0.01,0.1,0.07,0.14,0.16,0.15,0.21,0.19,0.22,0.25,0.35,0.39,0.28,0.58
2023-04-18,351,"의사","people",0.08,0.02,0.03,0.05,0.23,0.2,0.28,0.42,0.43,0.53,0.65,0.68,0.71,0.77,0.78,0.81,0.86,0.81,0.93
2023-04-18,352,"이모","people",0.35,0.37,0.37,0.59,0.5,0.5,0.68,0.77,0.76,0.8,0.83,0.79,0.81,0.89,0.87,0.92,0.91,0.88,0.93
2023-04-18,353,"자기 이름","people",0.23,0.15,0.25,0.35,0.44,0.57,0.64,0.7,0.7,0.76,0.85,0.8,0.8,0.9,0.87,0.93,0.93,0.87,0.96
2023-04-18,354,"친구","people",0.09,0.12,0.13,0.22,0.29,0.36,0.53,0.58,0.54,0.59,0.69,0.84,0.74,0.81,0.75,0.87,0.91,0.88,0.9
2023-04-18,355,"할머니","people",0.48,0.38,0.52,0.71,0.67,0.6,0.78,0.89,0.87,0.91,0.94,0.92,0.9,0.96,0.96,0.95,0.96,0.93,0.99
2023-04-18,356,"할아버지","people",0.38,0.35,0.39,0.57,0.6,0.54,0.7,0.82,0.84,0.84,0.9,0.89,0.87,0.95,0.93,0.96,0.96,0.9,0.96
2023-04-18,357,"형","people",0.18,0.15,0.12,0.21,0.23,0.17,0.4,0.29,0.34,0.41,0.42,0.48,0.54,0.58,0.42,0.48,0.61,0.52,0.52
2023-04-18,358,"누구","question_words",0.05,0.08,0.12,0.14,0.26,0.2,0.41,0.62,0.57,0.61,0.65,0.74,0.69,0.82,0.75,0.85,0.91,0.88,0.96
2023-04-18,359,"몇","question_words",0.02,0,0,0.08,0.1,0.01,0.19,0.22,0.3,0.31,0.38,0.41,0.47,0.44,0.48,0.6,0.58,0.61,0.79
2023-04-18,360,"무슨","question_words",0.02,0.02,0.03,0.06,0.06,0.03,0.14,0.16,0.21,0.3,0.36,0.38,0.41,0.45,0.36,0.55,0.58,0.57,0.66
2023-04-18,361,"무엇/뭐","question_words",0.28,0.17,0.21,0.25,0.43,0.33,0.58,0.53,0.59,0.61,0.72,0.7,0.69,0.84,0.76,0.76,0.87,0.81,0.86
2023-04-18,362,"어느","question_words",0.02,0,0.01,0,0.03,0.01,0.07,0.07,0.17,0.18,0.21,0.22,0.19,0.25,0.21,0.31,0.36,0.41,0.39
2023-04-18,363,"어디","question_words",0.11,0.09,0.13,0.16,0.27,0.21,0.46,0.55,0.54,0.55,0.63,0.74,0.7,0.78,0.72,0.83,0.88,0.86,0.86
2023-04-18,364,"어디서","question_words",0.02,0.02,0.01,0,0.06,0,0.14,0.16,0.2,0.2,0.31,0.39,0.37,0.44,0.36,0.47,0.59,0.64,0.7
2023-04-18,365,"어떤","question_words",0.02,0,0,0.02,0.03,0,0.09,0.05,0.13,0.19,0.23,0.3,0.31,0.25,0.21,0.37,0.54,0.42,0.48
2023-04-18,366,"어떻게","question_words",0.03,0.02,0,0.05,0.09,0.09,0.2,0.36,0.23,0.38,0.37,0.48,0.47,0.49,0.45,0.63,0.74,0.65,0.73
2023-04-18,367,"언제","question_words",0.02,0.02,0,0,0.04,0.06,0.11,0.15,0.27,0.26,0.32,0.4,0.39,0.49,0.46,0.57,0.68,0.68,0.73
2023-04-18,368,"왜","question_words",0.08,0.03,0.15,0.16,0.27,0.23,0.37,0.52,0.49,0.64,0.5,0.7,0.7,0.81,0.75,0.83,0.89,0.86,0.9
2023-04-18,369,"가","action_words",0.45,0.55,0.49,0.67,0.71,0.69,0.81,0.88,0.8,0.84,0.9,0.94,0.9,0.9,0.87,0.89,0.92,0.9,0.97
2023-04-18,370,"가리켜","action_words",0.08,0,0.04,0.06,0.06,0.1,0.07,0.11,0.14,0.18,0.24,0.25,0.29,0.19,0.24,0.33,0.39,0.32,0.34
2023-04-18,371,"가져","action_words",0.08,0.03,0.07,0.11,0.21,0.19,0.38,0.47,0.54,0.5,0.58,0.66,0.69,0.6,0.64,0.69,0.75,0.78,0.92
2023-04-18,372,"간지럽혀","action_words",0.06,0.06,0.04,0.1,0.19,0.14,0.26,0.3,0.44,0.35,0.56,0.55,0.5,0.59,0.64,0.72,0.8,0.71,0.85
2023-04-18,373,"건너","action_words",0.03,0.02,0,0.03,0.13,0.11,0.2,0.21,0.27,0.31,0.38,0.46,0.46,0.56,0.48,0.56,0.74,0.64,0.77
2023-04-18,374,"걸어","action_words",0.14,0.08,0.15,0.16,0.3,0.29,0.43,0.48,0.54,0.52,0.62,0.66,0.67,0.74,0.72,0.8,0.86,0.84,0.87
2023-04-18,375,"고쳐","action_words",0.02,0.02,0,0.06,0.03,0.09,0.19,0.19,0.24,0.3,0.37,0.38,0.44,0.52,0.42,0.49,0.67,0.57,0.69
2023-04-18,376,"공부해","action_words",0.03,0.02,0.04,0.08,0.11,0.09,0.27,0.49,0.4,0.43,0.5,0.51,0.6,0.66,0.61,0.67,0.72,0.78,0.83
2023-04-18,377,"그려","action_words",0.14,0.03,0.09,0.19,0.24,0.21,0.38,0.51,0.56,0.53,0.59,0.64,0.69,0.75,0.66,0.77,0.83,0.8,0.89
2023-04-18,378,"기다려","action_words",0.09,0.06,0.07,0.16,0.3,0.21,0.33,0.52,0.46,0.51,0.65,0.69,0.7,0.77,0.7,0.8,0.86,0.83,0.93
2023-04-18,379,"깎아","action_words",0.05,0.06,0.06,0.1,0.11,0.09,0.23,0.27,0.34,0.32,0.36,0.45,0.46,0.48,0.45,0.47,0.59,0.52,0.65
2023-04-18,380,"(컵을)깨","action_words",0.03,0.02,0.04,0.03,0.17,0.11,0.25,0.3,0.34,0.27,0.42,0.52,0.47,0.55,0.58,0.52,0.63,0.7,0.73
2023-04-18,381,"(불)꺼","action_words",0.23,0.26,0.31,0.57,0.47,0.57,0.57,0.82,0.76,0.74,0.79,0.86,0.79,0.95,0.9,0.91,0.93,0.88,0.97
2023-04-18,382,"꺼내","action_words",0.06,0.03,0.13,0.16,0.3,0.3,0.37,0.48,0.49,0.5,0.63,0.64,0.66,0.71,0.67,0.75,0.82,0.78,0.92
2023-04-18,383,"꽂아","action_words",0.03,0.03,0.1,0.11,0.21,0.16,0.25,0.38,0.34,0.35,0.45,0.55,0.51,0.53,0.51,0.55,0.72,0.61,0.79
2023-04-18,384,"끊어져","action_words",0.02,0,0.01,0.02,0.09,0.03,0.14,0.19,0.26,0.26,0.29,0.44,0.36,0.36,0.33,0.43,0.55,0.48,0.7
2023-04-18,385,"끌어","action_words",0.06,0.02,0,0.06,0.06,0.03,0.14,0.12,0.23,0.12,0.32,0.36,0.39,0.29,0.24,0.4,0.51,0.45,0.61
2023-04-18,386,"끝내","action_words",0.03,0.05,0.01,0.03,0.06,0.06,0.1,0.12,0.19,0.17,0.26,0.3,0.24,0.33,0.25,0.32,0.43,0.36,0.41
2023-04-18,387,"끼워","action_words",0.09,0.05,0.09,0.11,0.2,0.13,0.31,0.37,0.41,0.41,0.58,0.5,0.51,0.56,0.6,0.56,0.78,0.62,0.8
2023-04-18,388,"나가","action_words",0.25,0.26,0.28,0.3,0.46,0.41,0.52,0.7,0.71,0.66,0.79,0.8,0.71,0.82,0.79,0.88,0.93,0.87,0.99
2023-04-18,389,"나눠가져","action_words",0.05,0.02,0.03,0.03,0.09,0.07,0.07,0.19,0.16,0.24,0.35,0.35,0.39,0.42,0.34,0.53,0.54,0.52,0.62
2023-04-18,390,"나와","action_words",0.11,0.08,0.06,0.16,0.26,0.24,0.4,0.53,0.49,0.49,0.58,0.59,0.6,0.73,0.6,0.72,0.79,0.78,0.87
2023-04-18,391,"(물건을)날라","action_words",0.05,0.02,0.04,0.05,0.06,0.04,0.14,0.14,0.2,0.19,0.27,0.3,0.23,0.26,0.33,0.29,0.39,0.36,0.39
2023-04-18,392,"날라가","action_words",0.02,0,0,0.06,0.1,0.07,0.2,0.22,0.29,0.26,0.38,0.41,0.36,0.48,0.36,0.37,0.57,0.39,0.61
2023-04-18,393,"(차에서)내려","action_words",0.12,0.08,0.18,0.25,0.41,0.3,0.48,0.63,0.63,0.69,0.76,0.79,0.79,0.89,0.84,0.89,0.89,0.87,0.9
2023-04-18,394,"내려가","action_words",0.08,0.05,0.07,0.14,0.16,0.14,0.25,0.45,0.4,0.45,0.5,0.64,0.57,0.68,0.6,0.61,0.74,0.71,0.82
2023-04-18,395,"넘어져","action_words",0.03,0.03,0.09,0.11,0.2,0.21,0.37,0.56,0.59,0.57,0.64,0.71,0.74,0.77,0.78,0.91,0.86,0.84,0.92
2023-04-18,396,"(통에)넣어","action_words",0.09,0.14,0.16,0.16,0.23,0.29,0.4,0.55,0.53,0.53,0.68,0.66,0.64,0.75,0.69,0.72,0.87,0.77,0.89
2023-04-18,397,"노래 불러","action_words",0.09,0.05,0.09,0.17,0.23,0.21,0.36,0.53,0.57,0.56,0.65,0.74,0.71,0.79,0.82,0.83,0.88,0.83,0.94
2023-04-18,398,"놀아","action_words",0.05,0.08,0.12,0.17,0.21,0.31,0.47,0.59,0.59,0.59,0.71,0.76,0.71,0.79,0.78,0.83,0.91,0.9,0.9
2023-04-18,399,"(물건을)놓아","action_words",0.09,0.06,0.09,0.16,0.14,0.13,0.27,0.27,0.33,0.36,0.53,0.55,0.49,0.51,0.48,0.57,0.67,0.64,0.8
2023-04-18,400,"누워","action_words",0.12,0.2,0.15,0.3,0.43,0.39,0.57,0.6,0.56,0.61,0.69,0.74,0.63,0.77,0.7,0.81,0.83,0.84,0.9
2023-04-18,401,"(무엇을)눌러","action_words",0.06,0.05,0.07,0.05,0.21,0.13,0.23,0.26,0.4,0.38,0.55,0.61,0.53,0.49,0.45,0.59,0.7,0.7,0.73
2023-04-18,402,"(무엇에)눌려","action_words",0.05,0.02,0.01,0.02,0.01,0.01,0.04,0.05,0.07,0.07,0.15,0.15,0.09,0.08,0.09,0.15,0.28,0.23,0.21
2023-04-18,403,"다녀","action_words",0.03,0,0.01,0.03,0.09,0.03,0.16,0.22,0.19,0.23,0.37,0.41,0.4,0.51,0.4,0.44,0.58,0.59,0.72
2023-04-18,404,"다쳐","action_words",0.06,0.05,0.09,0.21,0.29,0.24,0.38,0.48,0.5,0.59,0.65,0.7,0.73,0.67,0.75,0.79,0.8,0.81,0.86
2023-04-18,405,"닦아","action_words",0.12,0.09,0.15,0.19,0.36,0.33,0.46,0.64,0.59,0.51,0.71,0.75,0.71,0.81,0.76,0.88,0.83,0.86,0.9
2023-04-18,406,"닫아","action_words",0.11,0.11,0.19,0.21,0.34,0.33,0.41,0.55,0.54,0.52,0.68,0.75,0.73,0.78,0.72,0.87,0.84,0.81,0.89
2023-04-18,407,"달려","action_words",0.08,0.06,0.04,0.08,0.14,0.19,0.25,0.38,0.44,0.4,0.54,0.64,0.57,0.62,0.64,0.68,0.75,0.74,0.77
2023-04-18,408,"당겨","action_words",0.02,0.02,0.01,0.06,0.11,0.1,0.15,0.18,0.23,0.31,0.45,0.49,0.46,0.44,0.45,0.45,0.57,0.55,0.66
2023-04-18,409,"던져","action_words",0.08,0.06,0.1,0.17,0.24,0.26,0.41,0.48,0.61,0.57,0.59,0.71,0.69,0.71,0.73,0.77,0.83,0.88,0.87
2023-04-18,410,"덮어","action_words",0.03,0.05,0.04,0.08,0.24,0.14,0.27,0.33,0.4,0.42,0.5,0.59,0.56,0.62,0.52,0.63,0.7,0.71,0.77
2023-04-18,411,"도와","action_words",0.06,0.02,0.03,0.08,0.17,0.11,0.36,0.36,0.39,0.41,0.56,0.64,0.64,0.62,0.61,0.67,0.79,0.83,0.82
2023-04-18,412,"돌려","action_words",0.03,0.03,0.03,0.05,0.13,0.09,0.19,0.18,0.27,0.26,0.38,0.41,0.46,0.45,0.36,0.44,0.58,0.49,0.61
2023-04-18,413,"돌아","action_words",0.03,0.03,0.03,0.08,0.1,0.06,0.23,0.25,0.24,0.27,0.35,0.41,0.41,0.42,0.39,0.4,0.54,0.55,0.66
2023-04-18,414,"두드려","action_words",0.09,0.06,0.09,0.1,0.17,0.16,0.27,0.34,0.36,0.38,0.54,0.54,0.54,0.52,0.6,0.6,0.7,0.75,0.75
2023-04-18,415,"(여기에)둬","action_words",0.09,0.06,0.09,0.14,0.21,0.2,0.33,0.38,0.44,0.47,0.53,0.58,0.59,0.6,0.64,0.59,0.76,0.68,0.75
2023-04-18,416,"(물건을)들어","action_words",0.11,0.08,0.12,0.21,0.21,0.23,0.32,0.42,0.44,0.45,0.63,0.66,0.6,0.7,0.72,0.6,0.84,0.71,0.83
2023-04-18,417,"(소리를)들어","action_words",0.02,0.03,0.03,0.08,0.11,0.16,0.22,0.33,0.37,0.38,0.54,0.6,0.5,0.6,0.58,0.59,0.7,0.72,0.76
2023-04-18,418,"들어가","action_words",0.11,0.08,0.04,0.22,0.2,0.24,0.36,0.51,0.4,0.4,0.6,0.68,0.69,0.68,0.63,0.6,0.8,0.74,0.85
2023-04-18,419,"떄려","action_words",0.12,0.14,0.19,0.27,0.3,0.33,0.44,0.6,0.61,0.56,0.68,0.75,0.79,0.82,0.82,0.87,0.87,0.84,0.99
2023-04-18,420,"(물에)떠","action_words",0.03,0.02,0,0.03,0.07,0.03,0.16,0.16,0.23,0.25,0.38,0.36,0.27,0.34,0.3,0.47,0.49,0.55,0.56
2023-04-18,421,"떨어뜨려","action_words",0.03,0.03,0.03,0.1,0.19,0.14,0.23,0.26,0.37,0.39,0.49,0.58,0.51,0.48,0.49,0.61,0.68,0.62,0.76
2023-04-18,422,"떨어져","action_words",0.06,0.05,0.06,0.14,0.17,0.14,0.27,0.42,0.44,0.39,0.54,0.56,0.57,0.58,0.51,0.56,0.8,0.71,0.85
2023-04-18,423,"떼(어)","action_words",0.03,0.02,0.01,0.03,0.11,0.01,0.1,0.14,0.2,0.22,0.29,0.3,0.31,0.26,0.19,0.37,0.46,0.39,0.44
2023-04-18,424,"뛰어","action_words",0.06,0.06,0.06,0.16,0.23,0.23,0.37,0.42,0.63,0.53,0.62,0.72,0.67,0.73,0.81,0.83,0.89,0.86,0.89
2023-04-18,425,"마셔","action_words",0.15,0.09,0.21,0.29,0.34,0.41,0.58,0.67,0.64,0.56,0.72,0.8,0.74,0.81,0.87,0.88,0.92,0.83,0.96
2023-04-18,426,"만들어","action_words",0.02,0.03,0.01,0.08,0.14,0.14,0.27,0.37,0.41,0.41,0.55,0.68,0.69,0.73,0.75,0.72,0.86,0.83,0.87
2023-04-18,427,"(빨래/싸움)말려","action_words",0,0.02,0,0.03,0.03,0.06,0.06,0.08,0.21,0.12,0.29,0.28,0.23,0.26,0.33,0.29,0.38,0.3,0.44
2023-04-18,428,"말해","action_words",0.08,0.03,0.03,0.08,0.13,0.17,0.3,0.45,0.43,0.44,0.54,0.64,0.54,0.63,0.63,0.64,0.8,0.83,0.85
2023-04-18,429,"맛봐","action_words",0,0.03,0.01,0.02,0.07,0.06,0.12,0.11,0.16,0.18,0.24,0.3,0.19,0.33,0.28,0.33,0.41,0.49,0.44
2023-04-18,430,"(주사를)맞아","action_words",0.05,0.02,0.03,0.05,0.19,0.19,0.25,0.42,0.39,0.5,0.64,0.65,0.63,0.77,0.64,0.75,0.84,0.84,0.89
2023-04-18,431,"(음식을)먹어","action_words",0.32,0.22,0.33,0.35,0.46,0.56,0.62,0.77,0.7,0.72,0.82,0.82,0.77,0.88,0.82,0.92,0.95,0.87,0.99
2023-04-18,432,"(음식을)먹여","action_words",0.11,0.05,0.06,0.08,0.13,0.17,0.2,0.36,0.27,0.36,0.53,0.54,0.53,0.6,0.54,0.64,0.74,0.74,0.68
2023-04-18,433,"멈춰","action_words",0.02,0.03,0.04,0.06,0.09,0.07,0.2,0.21,0.3,0.33,0.45,0.5,0.47,0.49,0.49,0.55,0.67,0.64,0.73
2023-04-18,434,"몰라","action_words",0.14,0.06,0.09,0.24,0.31,0.29,0.43,0.55,0.54,0.53,0.72,0.75,0.73,0.84,0.7,0.77,0.87,0.9,0.94
2023-04-18,435,"물어","action_words",0.03,0.03,0,0.05,0.09,0.09,0.19,0.27,0.29,0.33,0.41,0.5,0.5,0.47,0.52,0.59,0.66,0.68,0.7
2023-04-18,436,"미워해","action_words",0.09,0.02,0.06,0.13,0.2,0.17,0.36,0.48,0.4,0.45,0.58,0.65,0.59,0.68,0.63,0.6,0.79,0.81,0.83
2023-04-18,437,"밀어","action_words",0.05,0.02,0.03,0.1,0.13,0.11,0.27,0.29,0.31,0.38,0.47,0.56,0.44,0.55,0.48,0.55,0.64,0.72,0.77
2023-04-18,438,"(약)발라","action_words",0.09,0.03,0.09,0.19,0.27,0.3,0.43,0.58,0.49,0.57,0.73,0.75,0.76,0.81,0.76,0.85,0.88,0.78,0.94
2023-04-18,439,"박수쳐","action_words",0.22,0.12,0.18,0.17,0.29,0.3,0.47,0.52,0.51,0.56,0.63,0.72,0.64,0.79,0.73,0.79,0.84,0.86,0.92
2023-04-18,440,"버려","action_words",0.11,0.03,0.13,0.13,0.19,0.17,0.32,0.44,0.4,0.48,0.56,0.61,0.61,0.64,0.51,0.68,0.76,0.78,0.85
2023-04-18,441,"벗어","action_words",0.12,0.17,0.18,0.25,0.34,0.31,0.51,0.63,0.64,0.56,0.68,0.72,0.74,0.82,0.79,0.81,0.87,0.86,0.94
2023-04-18,442,"보여","action_words",0.03,0,0.01,0.08,0.13,0.1,0.27,0.34,0.3,0.42,0.5,0.55,0.57,0.51,0.49,0.59,0.67,0.74,0.8
2023-04-18,443,"봐","action_words",0.09,0.14,0.09,0.14,0.26,0.24,0.37,0.51,0.49,0.53,0.58,0.65,0.61,0.64,0.63,0.64,0.79,0.75,0.83
2023-04-18,444,"부딪쳐","action_words",0.03,0.02,0.01,0.08,0.14,0.11,0.15,0.22,0.26,0.32,0.45,0.46,0.41,0.45,0.49,0.52,0.71,0.65,0.7
2023-04-18,445,"부숴","action_words",0.03,0.02,0,0,0.04,0.09,0.06,0.12,0.24,0.28,0.29,0.36,0.34,0.4,0.39,0.43,0.49,0.58,0.61
2023-04-18,446,"(물을)부어","action_words",0.06,0.09,0.07,0.08,0.2,0.24,0.31,0.37,0.46,0.43,0.58,0.68,0.54,0.62,0.63,0.65,0.76,0.74,0.79
2023-04-18,447,"불러","action_words",0.03,0.03,0.01,0.05,0.07,0.07,0.23,0.22,0.36,0.3,0.41,0.54,0.4,0.44,0.48,0.55,0.62,0.64,0.66
2023-04-18,448,"(풍선을)불어","action_words",0.03,0.09,0.07,0.13,0.23,0.17,0.44,0.48,0.47,0.53,0.68,0.7,0.66,0.74,0.76,0.8,0.84,0.84,0.89
2023-04-18,449,"붙여","action_words",0.05,0.02,0.04,0.1,0.14,0.1,0.19,0.29,0.37,0.4,0.49,0.48,0.44,0.49,0.51,0.51,0.72,0.65,0.75
2023-04-18,450,"비켜","action_words",0.06,0.11,0.12,0.22,0.26,0.24,0.4,0.53,0.5,0.49,0.58,0.72,0.6,0.67,0.58,0.76,0.76,0.77,0.83
2023-04-18,451,"빗어","action_words",0.05,0.05,0.06,0.11,0.16,0.23,0.33,0.33,0.41,0.42,0.5,0.54,0.51,0.56,0.55,0.57,0.68,0.67,0.73
2023-04-18,452,"빠져","action_words",0.02,0.03,0.01,0.05,0.1,0.1,0.15,0.25,0.24,0.25,0.45,0.41,0.37,0.4,0.39,0.44,0.57,0.55,0.65
2023-04-18,453,"빨아","action_words",0.05,0.05,0.06,0.06,0.16,0.1,0.27,0.29,0.37,0.36,0.53,0.6,0.53,0.59,0.63,0.64,0.67,0.72,0.76
2023-04-18,454,"빼","action_words",0.12,0.15,0.13,0.17,0.34,0.31,0.48,0.48,0.5,0.48,0.5,0.58,0.64,0.53,0.52,0.61,0.75,0.7,0.79
2023-04-18,455,"뺴앗아","action_words",0.02,0.02,0.03,0.05,0.07,0.1,0.11,0.19,0.24,0.32,0.45,0.49,0.41,0.53,0.42,0.52,0.62,0.55,0.69
2023-04-18,456,"뽀뽀해","action_words",0.34,0.25,0.27,0.48,0.51,0.54,0.6,0.78,0.74,0.68,0.77,0.82,0.8,0.86,0.88,0.85,0.93,0.91,0.96
2023-04-18,457,"뽑아","action_words",0,0.05,0.03,0.03,0.11,0.07,0.16,0.12,0.19,0.2,0.28,0.35,0.29,0.36,0.24,0.36,0.47,0.51,0.52
2023-04-18,458,"(물건을)사","action_words",0.03,0.02,0.03,0.03,0.17,0.14,0.28,0.4,0.33,0.38,0.53,0.55,0.57,0.66,0.64,0.72,0.79,0.78,0.86
2023-04-18,459,"사랑해","action_words",0.35,0.28,0.4,0.48,0.47,0.5,0.72,0.73,0.8,0.75,0.86,0.9,0.86,0.92,0.93,0.92,0.96,0.87,0.96
2023-04-18,460,"살아","action_words",0,0,0,0,0.03,0,0.1,0.05,0.11,0.15,0.19,0.25,0.24,0.26,0.27,0.28,0.46,0.39,0.51
2023-04-18,461,"생각해","action_words",0.02,0.03,0,0,0.04,0.03,0.11,0.07,0.19,0.19,0.31,0.31,0.31,0.36,0.37,0.43,0.53,0.49,0.63
2023-04-18,462,"(그 자리에)서","action_words",0.12,0.05,0.06,0.11,0.17,0.19,0.23,0.3,0.37,0.4,0.47,0.52,0.51,0.58,0.48,0.59,0.63,0.65,0.8
2023-04-18,463,"서둘러","action_words",0.03,0,0,0.02,0.04,0,0.05,0.04,0.09,0.1,0.13,0.22,0.2,0.18,0.1,0.23,0.26,0.17,0.28
2023-04-18,464,"손대","action_words",0.06,0,0.01,0.03,0.03,0.03,0.09,0.07,0.13,0.18,0.28,0.29,0.34,0.32,0.22,0.33,0.42,0.38,0.41
2023-04-18,465,"수영해","action_words",0.03,0.02,0,0.03,0.03,0.01,0.11,0.14,0.16,0.25,0.24,0.36,0.31,0.49,0.43,0.4,0.55,0.54,0.59
2023-04-18,466,"숨어","action_words",0.09,0.03,0.07,0.1,0.2,0.17,0.35,0.45,0.47,0.5,0.56,0.71,0.61,0.7,0.63,0.75,0.8,0.74,0.85
2023-04-18,467,"시작해","action_words",0.05,0.02,0.01,0.06,0.17,0.09,0.2,0.26,0.34,0.38,0.49,0.51,0.47,0.48,0.54,0.49,0.67,0.65,0.72
2023-04-18,468,"신어","action_words",0.18,0.12,0.28,0.33,0.33,0.41,0.46,0.59,0.66,0.62,0.68,0.78,0.69,0.82,0.73,0.83,0.89,0.8,0.86
2023-04-18,469,"(물건을)실어","action_words",0.03,0.02,0.04,0.02,0.07,0.01,0.16,0.1,0.2,0.28,0.28,0.34,0.4,0.38,0.37,0.39,0.49,0.45,0.52
2023-04-18,470,"싸워","action_words",0.03,0.02,0.01,0.06,0.1,0.09,0.22,0.26,0.3,0.44,0.49,0.59,0.56,0.67,0.63,0.71,0.75,0.7,0.89
2023-04-18,471,"(글)써","action_words",0.09,0.05,0.03,0.08,0.13,0.14,0.26,0.25,0.34,0.33,0.47,0.49,0.46,0.59,0.54,0.51,0.63,0.7,0.72
2023-04-18,472,"(모자)써","action_words",0.26,0.12,0.21,0.27,0.4,0.39,0.53,0.64,0.67,0.67,0.72,0.81,0.71,0.81,0.81,0.84,0.88,0.88,0.92
2023-04-18,473,"쏟아","action_words",0.05,0.03,0.04,0.1,0.13,0.13,0.19,0.19,0.33,0.34,0.41,0.52,0.47,0.48,0.46,0.49,0.63,0.7,0.73
2023-04-18,474,"(총을)쏴","action_words",0.05,0.02,0,0.08,0.06,0.1,0.12,0.16,0.23,0.25,0.35,0.38,0.41,0.55,0.39,0.45,0.5,0.54,0.63
2023-04-18,475,"쓰러져","action_words",0.02,0,0,0.05,0.07,0.09,0.17,0.14,0.24,0.26,0.36,0.42,0.49,0.4,0.43,0.51,0.57,0.65,0.68
2023-04-18,476,"씻어","action_words",0.14,0.11,0.15,0.27,0.31,0.3,0.46,0.64,0.69,0.61,0.73,0.79,0.71,0.82,0.82,0.89,0.88,0.84,0.96
2023-04-18,477,"안아","action_words",0.31,0.34,0.3,0.38,0.51,0.51,0.67,0.75,0.74,0.75,0.78,0.84,0.86,0.9,0.82,0.91,0.96,0.88,0.96
2023-04-18,478,"안해","action_words",0.2,0.2,0.18,0.27,0.47,0.33,0.59,0.59,0.56,0.57,0.77,0.8,0.7,0.73,0.72,0.83,0.86,0.9,0.89
2023-04-18,479,"앉아","action_words",0.23,0.31,0.27,0.37,0.49,0.5,0.62,0.64,0.69,0.76,0.78,0.82,0.77,0.89,0.87,0.85,0.93,0.9,0.94
2023-04-18,480,"알아","action_words",0.02,0.02,0,0.06,0.1,0.13,0.25,0.36,0.27,0.43,0.51,0.62,0.54,0.58,0.55,0.6,0.7,0.72,0.82
2023-04-18,481,"열어","action_words",0.11,0.15,0.12,0.19,0.29,0.3,0.46,0.6,0.53,0.56,0.64,0.72,0.66,0.77,0.72,0.73,0.86,0.81,0.93
2023-04-18,482,"올라가","action_words",0.11,0.05,0.09,0.17,0.27,0.27,0.4,0.48,0.53,0.58,0.67,0.72,0.66,0.77,0.69,0.81,0.86,0.86,0.94
2023-04-18,483,"올려","action_words",0.06,0.03,0.06,0.1,0.14,0.11,0.19,0.19,0.31,0.3,0.35,0.45,0.4,0.45,0.4,0.49,0.64,0.61,0.63
2023-04-18,484,"와","action_words",0.14,0.14,0.15,0.29,0.27,0.29,0.42,0.51,0.5,0.56,0.62,0.66,0.66,0.68,0.63,0.68,0.8,0.75,0.87
2023-04-18,485,"요리해","action_words",0.02,0.02,0,0.02,0.07,0.06,0.1,0.08,0.21,0.19,0.31,0.34,0.33,0.36,0.4,0.44,0.53,0.61,0.61
2023-04-18,486,"운전해","action_words",0.05,0.03,0.03,0.06,0.17,0.09,0.26,0.26,0.3,0.4,0.47,0.6,0.61,0.6,0.67,0.73,0.79,0.75,0.89
2023-04-18,487,"울어","action_words",0.11,0.05,0.12,0.21,0.3,0.27,0.44,0.63,0.6,0.59,0.64,0.78,0.73,0.82,0.72,0.79,0.89,0.88,0.9
2023-04-18,488,"웃어","action_words",0.11,0.05,0.1,0.17,0.24,0.2,0.36,0.49,0.5,0.53,0.59,0.69,0.69,0.78,0.73,0.76,0.86,0.81,0.87
2023-04-18,489,"원해","action_words",0.02,0.02,0,0.02,0,0.01,0.04,0.05,0.09,0.07,0.15,0.15,0.14,0.18,0.13,0.2,0.28,0.26,0.21
2023-04-18,490,"(승부에)이겨","action_words",0.02,0.02,0,0.02,0.03,0.01,0.14,0.15,0.19,0.25,0.29,0.38,0.36,0.37,0.39,0.52,0.59,0.55,0.58
2023-04-18,491,"이야기해","action_words",0.02,0.02,0.03,0.06,0.06,0.03,0.22,0.15,0.23,0.38,0.42,0.46,0.51,0.55,0.55,0.53,0.66,0.65,0.73
2023-04-18,492,"일어나/일어서","action_words",0.14,0.17,0.28,0.29,0.41,0.34,0.49,0.63,0.6,0.68,0.74,0.8,0.73,0.84,0.79,0.85,0.89,0.88,0.94
2023-04-18,493,"일해","action_words",0.02,0,0.01,0.05,0.04,0.01,0.2,0.23,0.19,0.23,0.37,0.32,0.39,0.42,0.37,0.48,0.62,0.59,0.73
2023-04-18,494,"읽어","action_words",0.09,0.08,0.04,0.17,0.29,0.3,0.46,0.48,0.54,0.58,0.68,0.71,0.7,0.75,0.69,0.77,0.87,0.84,0.9
2023-04-18,495,"입어","action_words",0.11,0.09,0.18,0.21,0.36,0.39,0.48,0.58,0.64,0.59,0.64,0.71,0.71,0.84,0.72,0.85,0.86,0.88,0.9
2023-04-18,496,"(잠)자","action_words",0.29,0.34,0.3,0.48,0.49,0.51,0.63,0.75,0.76,0.77,0.74,0.84,0.81,0.9,0.79,0.87,0.93,0.91,0.94
2023-04-18,497,"잘라","action_words",0.05,0,0.03,0.05,0.16,0.09,0.27,0.22,0.36,0.35,0.45,0.49,0.51,0.51,0.45,0.61,0.63,0.68,0.75
2023-04-18,498,"잡아","action_words",0.06,0.06,0.1,0.14,0.19,0.16,0.26,0.26,0.36,0.39,0.5,0.6,0.61,0.68,0.61,0.67,0.71,0.78,0.82
2023-04-18,499,"좋아해","action_words",0.08,0.05,0.1,0.14,0.26,0.2,0.46,0.49,0.5,0.53,0.58,0.75,0.77,0.7,0.78,0.72,0.88,0.81,0.93
2023-04-18,500,"죽어","action_words",0,0,0.01,0,0.03,0.04,0.09,0.11,0.17,0.24,0.27,0.39,0.4,0.41,0.37,0.51,0.51,0.54,0.69
2023-04-18,501,"줘","action_words",0.31,0.17,0.21,0.24,0.44,0.4,0.48,0.52,0.49,0.56,0.62,0.66,0.73,0.71,0.54,0.67,0.79,0.8,0.86
2023-04-18,502,"쫓아","action_words",0.02,0.02,0,0.02,0.04,0.03,0.04,0.08,0.16,0.17,0.24,0.31,0.29,0.32,0.22,0.33,0.45,0.48,0.48
2023-04-18,503,"찍어","action_words",0.03,0.03,0.01,0.05,0.13,0.04,0.15,0.16,0.21,0.24,0.32,0.44,0.37,0.41,0.37,0.47,0.61,0.62,0.68
2023-04-18,504,"(공을)차","action_words",0.23,0.08,0.19,0.27,0.43,0.34,0.48,0.63,0.61,0.62,0.73,0.7,0.74,0.89,0.85,0.77,0.84,0.84,0.93
2023-04-18,505,"찾아","action_words",0.08,0.03,0.01,0.11,0.16,0.19,0.27,0.29,0.34,0.42,0.54,0.66,0.59,0.62,0.45,0.64,0.76,0.71,0.82
2023-04-18,506,"춤춰","action_words",0.12,0.06,0.09,0.14,0.27,0.21,0.32,0.41,0.44,0.45,0.59,0.64,0.6,0.64,0.66,0.71,0.75,0.8,0.86
2023-04-18,507,"(차에)치여","action_words",0,0,0,0,0.01,0.01,0.04,0.07,0.1,0.11,0.08,0.1,0.14,0.14,0.12,0.24,0.3,0.29,0.25
2023-04-18,508,"치워","action_words",0.05,0.03,0.07,0.14,0.14,0.09,0.3,0.26,0.36,0.35,0.42,0.52,0.47,0.52,0.52,0.55,0.59,0.64,0.73
2023-04-18,509,"칠해","action_words",0.02,0.02,0.01,0.05,0.06,0.04,0.17,0.15,0.19,0.31,0.42,0.41,0.36,0.53,0.43,0.48,0.64,0.62,0.69
2023-04-18,510,"(차에)타","action_words",0.23,0.22,0.18,0.29,0.44,0.47,0.56,0.68,0.63,0.74,0.77,0.82,0.83,0.82,0.78,0.8,0.88,0.87,0.93
2023-04-18,511,"(차에)태워","action_words",0.02,0.02,0.04,0.13,0.07,0.11,0.21,0.18,0.33,0.35,0.45,0.45,0.5,0.56,0.46,0.56,0.61,0.64,0.69
2023-04-18,512,"터져","action_words",0.02,0,0,0.03,0.09,0.03,0.07,0.15,0.23,0.25,0.31,0.32,0.37,0.37,0.27,0.44,0.53,0.49,0.62
2023-04-18,513,"튀겨","action_words",0,0,0,0,0,0,0.02,0.05,0.06,0.08,0.1,0.09,0.17,0.08,0.07,0.15,0.25,0.22,0.34
2023-04-18,514,"틀어","action_words",0.03,0,0.03,0.06,0.13,0.04,0.2,0.16,0.24,0.25,0.37,0.38,0.37,0.38,0.28,0.47,0.55,0.45,0.56
2023-04-18,515,"(코를)풀어","action_words",0.08,0.08,0.07,0.14,0.21,0.17,0.28,0.29,0.44,0.41,0.62,0.56,0.54,0.59,0.63,0.75,0.7,0.74,0.85
2023-04-18,516,"(꽃이)피어","action_words",0.02,0,0,0.05,0.06,0,0.07,0.14,0.21,0.27,0.36,0.34,0.37,0.32,0.39,0.47,0.49,0.58,0.65
2023-04-18,517,"해","action_words",0.15,0.06,0.03,0.17,0.26,0.23,0.35,0.49,0.49,0.58,0.59,0.56,0.71,0.71,0.6,0.72,0.76,0.74,0.83
2023-04-18,518,"혼나","action_words",0.11,0.05,0.1,0.17,0.24,0.29,0.37,0.34,0.47,0.55,0.67,0.61,0.64,0.78,0.67,0.77,0.82,0.81,0.86
2023-04-18,519,"가벼워","descriptive_words",0.03,0.02,0,0.06,0.04,0.06,0.15,0.12,0.26,0.3,0.37,0.38,0.34,0.44,0.39,0.55,0.55,0.62,0.63
2023-04-18,520,"간지러워","descriptive_words",0.14,0.11,0.07,0.19,0.23,0.31,0.36,0.52,0.64,0.58,0.65,0.74,0.71,0.82,0.76,0.84,0.89,0.8,0.92
2023-04-18,521,"같아/똑같아","descriptive_words",0.09,0.06,0.1,0.19,0.24,0.2,0.46,0.51,0.56,0.57,0.64,0.76,0.7,0.74,0.78,0.81,0.83,0.86,0.94
2023-04-18,522,"괜찮아","descriptive_words",0.09,0.06,0.04,0.1,0.2,0.11,0.33,0.47,0.47,0.47,0.55,0.7,0.63,0.7,0.6,0.79,0.83,0.78,0.9
2023-04-18,523,"귀여워","descriptive_words",0.11,0.06,0.07,0.14,0.21,0.2,0.32,0.37,0.43,0.44,0.53,0.59,0.57,0.64,0.63,0.69,0.76,0.83,0.83
2023-04-18,524,"길어","descriptive_words",0.03,0,0.01,0.11,0.16,0.09,0.25,0.29,0.33,0.36,0.41,0.52,0.53,0.59,0.46,0.63,0.75,0.68,0.82
2023-04-18,525,"(색이)까매","descriptive_words",0.03,0.02,0,0.03,0.07,0.07,0.19,0.21,0.23,0.22,0.27,0.38,0.41,0.41,0.33,0.48,0.57,0.57,0.69
2023-04-18,526,"깜깜해","descriptive_words",0.18,0.09,0.09,0.17,0.36,0.26,0.41,0.53,0.53,0.6,0.68,0.7,0.7,0.81,0.72,0.81,0.84,0.8,0.89
2023-04-18,527,"나빠","descriptive_words",0.05,0.03,0.03,0.05,0.1,0.16,0.26,0.3,0.26,0.38,0.49,0.44,0.6,0.64,0.51,0.64,0.71,0.75,0.77
2023-04-18,528,"(색이)노래","descriptive_words",0.03,0.02,0.03,0.08,0.09,0.07,0.23,0.22,0.29,0.24,0.31,0.36,0.36,0.3,0.4,0.41,0.53,0.55,0.59
2023-04-18,529,"높아","descriptive_words",0.02,0.03,0.01,0.05,0.14,0.11,0.22,0.22,0.34,0.35,0.4,0.46,0.56,0.6,0.49,0.64,0.74,0.72,0.8
2023-04-18,530,"달라","descriptive_words",0.05,0.02,0,0.02,0.01,0,0.14,0.12,0.26,0.2,0.36,0.34,0.43,0.48,0.31,0.45,0.49,0.58,0.58
2023-04-18,531,"더러워","descriptive_words",0.17,0.08,0.1,0.19,0.3,0.24,0.43,0.51,0.51,0.53,0.65,0.72,0.73,0.82,0.75,0.88,0.84,0.87,0.96
2023-04-18,532,"더워","descriptive_words",0.02,0.05,0.04,0.14,0.2,0.17,0.38,0.44,0.51,0.47,0.71,0.71,0.69,0.82,0.67,0.87,0.83,0.84,0.94
2023-04-18,533,"동그래","descriptive_words",0.03,0.02,0.03,0.11,0.1,0.04,0.26,0.29,0.4,0.38,0.44,0.49,0.47,0.63,0.48,0.59,0.75,0.62,0.8
2023-04-18,534,"뜨거워","descriptive_words",0.48,0.34,0.49,0.52,0.59,0.56,0.73,0.79,0.77,0.82,0.83,0.86,0.83,0.96,0.88,0.92,0.93,0.88,0.96
2023-04-18,535,"많아","descriptive_words",0.06,0.06,0.06,0.19,0.27,0.29,0.43,0.48,0.5,0.56,0.71,0.75,0.71,0.79,0.7,0.84,0.86,0.84,0.94
2023-04-18,536,"맛없어","descriptive_words",0.03,0.03,0.03,0.03,0.1,0.06,0.26,0.27,0.36,0.5,0.53,0.48,0.59,0.7,0.63,0.72,0.78,0.75,0.85
2023-04-18,537,"맛있어","descriptive_words",0.12,0.12,0.21,0.22,0.31,0.36,0.51,0.64,0.57,0.6,0.71,0.76,0.76,0.89,0.79,0.88,0.88,0.84,0.94
2023-04-18,538,"매워","descriptive_words",0.32,0.18,0.36,0.43,0.44,0.51,0.67,0.74,0.74,0.74,0.77,0.86,0.8,0.92,0.84,0.88,0.92,0.88,0.93
2023-04-18,539,"멀어","descriptive_words",0.02,0.02,0,0.02,0,0,0.09,0.08,0.14,0.18,0.28,0.28,0.31,0.32,0.28,0.39,0.47,0.46,0.62
2023-04-18,540,"멋있어","descriptive_words",0.05,0.02,0.03,0.11,0.09,0.09,0.21,0.19,0.27,0.33,0.38,0.39,0.46,0.51,0.36,0.48,0.63,0.51,0.69
2023-04-18,541,"목말라","descriptive_words",0.08,0.05,0.04,0.06,0.16,0.07,0.19,0.29,0.39,0.41,0.54,0.61,0.59,0.64,0.7,0.73,0.74,0.75,0.86
2023-04-18,542,"무거워","descriptive_words",0.02,0.09,0.06,0.1,0.26,0.17,0.38,0.45,0.5,0.57,0.67,0.68,0.73,0.84,0.7,0.83,0.87,0.86,0.94
2023-04-18,543,"무서워","descriptive_words",0.11,0.08,0.16,0.24,0.31,0.31,0.47,0.63,0.61,0.66,0.71,0.81,0.8,0.88,0.76,0.89,0.91,0.88,0.93
2023-04-18,544,"미워","descriptive_words",0.09,0.06,0.12,0.13,0.24,0.27,0.4,0.58,0.34,0.52,0.6,0.64,0.63,0.84,0.66,0.69,0.82,0.81,0.87
2023-04-18,545,"배고파","descriptive_words",0.05,0.12,0.09,0.14,0.19,0.23,0.36,0.56,0.54,0.57,0.68,0.7,0.71,0.84,0.79,0.84,0.86,0.86,0.9
2023-04-18,546,"(색이)빨개","descriptive_words",0.02,0.02,0,0.06,0.11,0.16,0.21,0.23,0.31,0.34,0.42,0.4,0.41,0.45,0.39,0.51,0.63,0.59,0.79
2023-04-18,547,"빨라","descriptive_words",0.02,0.02,0,0.03,0.07,0.03,0.15,0.16,0.23,0.31,0.37,0.46,0.36,0.48,0.31,0.51,0.63,0.57,0.77
2023-04-18,548,"시끄러워","descriptive_words",0.05,0.06,0.03,0.1,0.13,0.16,0.33,0.37,0.5,0.52,0.63,0.69,0.74,0.81,0.69,0.84,0.87,0.84,0.92
2023-04-18,549,"싫어","descriptive_words",0.34,0.34,0.3,0.37,0.59,0.44,0.65,0.73,0.69,0.76,0.82,0.85,0.9,0.92,0.85,0.88,0.93,0.91,0.96
2023-04-18,550,"심심해","descriptive_words",0.03,0.03,0,0.03,0.07,0.11,0.19,0.27,0.41,0.4,0.46,0.49,0.54,0.59,0.58,0.61,0.71,0.71,0.83
2023-04-18,551,"아파","descriptive_words",0.4,0.32,0.45,0.48,0.6,0.57,0.65,0.79,0.73,0.8,0.82,0.85,0.89,0.95,0.84,0.88,0.93,0.87,0.97
2023-04-18,552,"어두워","descriptive_words",0.05,0.05,0.03,0.02,0.04,0.09,0.2,0.22,0.3,0.26,0.4,0.46,0.43,0.51,0.42,0.45,0.62,0.55,0.61
2023-04-18,553,"없어","descriptive_words",0.17,0.15,0.19,0.21,0.4,0.3,0.57,0.59,0.54,0.62,0.69,0.74,0.69,0.82,0.67,0.8,0.83,0.83,0.87
2023-04-18,554,"예뻐","descriptive_words",0.25,0.31,0.22,0.32,0.43,0.39,0.57,0.62,0.66,0.65,0.69,0.71,0.76,0.85,0.61,0.75,0.88,0.87,0.93
2023-04-18,555,"이상해","descriptive_words",0.02,0.02,0,0.02,0.04,0.04,0.11,0.12,0.13,0.24,0.27,0.28,0.31,0.44,0.4,0.52,0.55,0.61,0.73
2023-04-18,556,"있어","descriptive_words",0.06,0.06,0.09,0.11,0.21,0.16,0.35,0.45,0.39,0.48,0.55,0.69,0.64,0.75,0.54,0.61,0.78,0.75,0.86
2023-04-18,557,"작아","descriptive_words",0.03,0.02,0.01,0.05,0.07,0.14,0.21,0.23,0.31,0.35,0.49,0.54,0.54,0.6,0.52,0.63,0.74,0.7,0.89
2023-04-18,558,"재미있어","descriptive_words",0.05,0.06,0.03,0.08,0.14,0.1,0.28,0.3,0.47,0.44,0.56,0.64,0.57,0.73,0.69,0.76,0.79,0.77,0.87
2023-04-18,559,"조그맣다","descriptive_words",0.03,0.05,0.04,0.08,0.11,0.04,0.25,0.22,0.34,0.34,0.49,0.45,0.47,0.67,0.51,0.6,0.71,0.67,0.76
2023-04-18,560,"조용해","descriptive_words",0.06,0.08,0.04,0.14,0.27,0.2,0.41,0.42,0.56,0.49,0.65,0.65,0.69,0.67,0.69,0.77,0.75,0.8,0.87
2023-04-18,561,"졸려","descriptive_words",0.17,0.11,0.15,0.1,0.24,0.23,0.44,0.55,0.56,0.52,0.65,0.65,0.73,0.78,0.67,0.79,0.86,0.83,0.9
2023-04-18,562,"좋아","descriptive_words",0.09,0.08,0.06,0.13,0.13,0.11,0.32,0.33,0.39,0.42,0.38,0.51,0.47,0.48,0.51,0.53,0.68,0.61,0.54
2023-04-18,563,"(맛이)짜","descriptive_words",0,0,0,0,0.04,0.07,0.16,0.18,0.2,0.23,0.26,0.34,0.31,0.37,0.25,0.4,0.54,0.48,0.61
2023-04-18,564,"(촉감이)차","descriptive_words",0.15,0.12,0.15,0.32,0.27,0.29,0.52,0.55,0.47,0.52,0.59,0.64,0.66,0.58,0.52,0.6,0.72,0.59,0.76
2023-04-18,565,"착해","descriptive_words",0.05,0.02,0.03,0.06,0.1,0.07,0.15,0.21,0.2,0.25,0.31,0.35,0.34,0.41,0.39,0.47,0.54,0.52,0.65
2023-04-18,566,"추워","descriptive_words",0.22,0.26,0.25,0.4,0.43,0.46,0.56,0.7,0.67,0.7,0.78,0.79,0.76,0.9,0.81,0.87,0.88,0.86,0.92
2023-04-18,567,"커","descriptive_words",0.03,0.03,0.01,0.1,0.16,0.13,0.33,0.23,0.34,0.45,0.49,0.52,0.66,0.66,0.58,0.68,0.75,0.71,0.8
2023-04-18,568,"(색이)파래","descriptive_words",0.03,0.02,0.03,0.05,0.1,0.03,0.2,0.16,0.24,0.23,0.23,0.31,0.26,0.29,0.3,0.4,0.5,0.48,0.61
2023-04-18,569,"(색이)하얘","descriptive_words",0.03,0,0.03,0.05,0.04,0.06,0.15,0.11,0.2,0.19,0.24,0.28,0.2,0.25,0.22,0.37,0.45,0.46,0.55
2023-04-18,570,"힘들어","descriptive_words",0.03,0.02,0.04,0.1,0.17,0.13,0.32,0.36,0.41,0.49,0.6,0.59,0.61,0.77,0.69,0.76,0.86,0.8,0.94
2023-04-18,571,"-구나","verb_endings",0.03,0,0.01,0.03,0.06,0.07,0.14,0.12,0.16,0.33,0.33,0.29,0.36,0.3,0.33,0.47,0.49,0.51,0.52
2023-04-18,572,"-께","verb_endings",0.03,0.02,0.01,0.03,0.11,0.09,0.16,0.22,0.33,0.35,0.36,0.46,0.39,0.45,0.34,0.45,0.61,0.54,0.62
2023-04-18,573,"-네","verb_endings",0.14,0.11,0.15,0.13,0.27,0.31,0.33,0.44,0.46,0.5,0.49,0.64,0.49,0.55,0.54,0.61,0.71,0.74,0.73
2023-04-18,574,"-는다","verb_endings",0.02,0,0.01,0.02,0.1,0.03,0.11,0.1,0.17,0.18,0.24,0.32,0.27,0.33,0.25,0.37,0.42,0.51,0.49
2023-04-18,575,"-니?","verb_endings",0.03,0.03,0.01,0.06,0.09,0.07,0.15,0.23,0.33,0.35,0.32,0.4,0.37,0.47,0.36,0.44,0.47,0.52,0.59
2023-04-18,576,"-다","verb_endings",0.2,0.11,0.09,0.1,0.27,0.19,0.4,0.3,0.34,0.43,0.47,0.55,0.61,0.59,0.6,0.59,0.67,0.72,0.7
2023-04-18,577,"-대","verb_endings",0.02,0.03,0.01,0,0.03,0.01,0.12,0.16,0.2,0.28,0.18,0.32,0.31,0.36,0.25,0.37,0.46,0.51,0.58
2023-04-18,578,"-ㄹ거야/테야","verb_endings",0.05,0.03,0.06,0.1,0.17,0.16,0.27,0.26,0.37,0.43,0.46,0.56,0.54,0.63,0.49,0.65,0.7,0.68,0.7
2023-04-18,579,"-ㄹ까?","verb_endings",0.06,0.05,0.01,0.08,0.14,0.13,0.3,0.23,0.33,0.42,0.47,0.48,0.57,0.53,0.6,0.6,0.61,0.68,0.76
2023-04-18,580,"-ㄹ래","verb_endings",0.05,0,0.01,0.08,0.16,0.11,0.28,0.19,0.36,0.38,0.37,0.56,0.4,0.6,0.49,0.53,0.61,0.72,0.76
2023-04-18,581,"-어(아)","verb_endings",0.06,0.12,0.09,0.11,0.14,0.13,0.33,0.38,0.47,0.4,0.53,0.55,0.5,0.52,0.45,0.49,0.61,0.67,0.65
2023-04-18,582,"-어야 돼","verb_endings",0.02,0.03,0.01,0.02,0.11,0.01,0.19,0.11,0.21,0.24,0.35,0.42,0.37,0.48,0.39,0.45,0.57,0.62,0.58
2023-04-18,583,"-요","verb_endings",0.23,0.15,0.22,0.24,0.4,0.4,0.51,0.58,0.53,0.66,0.67,0.71,0.67,0.82,0.81,0.85,0.87,0.83,0.92
2023-04-18,584,"-자","verb_endings",0.12,0.09,0.09,0.19,0.19,0.26,0.38,0.45,0.47,0.49,0.53,0.64,0.63,0.63,0.6,0.72,0.79,0.78,0.75
2023-04-18,585,"-지","verb_endings",0.06,0.06,0.04,0.16,0.17,0.16,0.36,0.33,0.39,0.43,0.5,0.59,0.44,0.63,0.52,0.59,0.61,0.65,0.76
2023-04-18,586,"-가(이)","other",0.09,0.08,0.07,0.19,0.27,0.27,0.43,0.52,0.6,0.61,0.64,0.72,0.73,0.74,0.75,0.85,0.79,0.74,0.87
2023-04-18,587,"-는(은)","other",0.02,0.02,0.03,0.06,0.07,0.11,0.22,0.29,0.34,0.49,0.49,0.51,0.53,0.6,0.58,0.73,0.67,0.74,0.79
2023-04-18,588,"-도","other",0.05,0.02,0.01,0.1,0.16,0.11,0.3,0.37,0.4,0.42,0.47,0.49,0.57,0.58,0.54,0.57,0.63,0.7,0.75
2023-04-18,589,"-랑","other",0.05,0.03,0,0.08,0.14,0.1,0.3,0.41,0.36,0.45,0.5,0.59,0.63,0.68,0.55,0.65,0.7,0.71,0.79
2023-04-18,590,"-로","other",0.02,0,0,0,0.04,0.03,0.15,0.04,0.11,0.17,0.21,0.21,0.24,0.25,0.21,0.36,0.43,0.46,0.48
2023-04-18,591,"-를(을)","other",0.02,0.02,0,0.02,0.03,0.04,0.16,0.12,0.16,0.32,0.37,0.32,0.36,0.45,0.31,0.45,0.57,0.59,0.68
2023-04-18,592,"-만","other",0.03,0,0,0.03,0.1,0.06,0.16,0.16,0.27,0.27,0.38,0.36,0.44,0.38,0.34,0.45,0.57,0.51,0.66
2023-04-18,593,"-야","other",0.11,0.11,0.1,0.14,0.19,0.14,0.31,0.34,0.39,0.3,0.45,0.42,0.39,0.49,0.39,0.49,0.54,0.55,0.68
2023-04-18,594,"-에","other",0.03,0.02,0.03,0.05,0.07,0.03,0.2,0.21,0.26,0.31,0.35,0.34,0.46,0.41,0.3,0.44,0.53,0.59,0.62
2023-04-18,595,"-에서","other",0.03,0,0.01,0.02,0.06,0.04,0.19,0.15,0.23,0.36,0.32,0.3,0.37,0.41,0.33,0.52,0.59,0.46,0.65
2023-04-18,596,"-하고","other",0.03,0.02,0.06,0.06,0.16,0.09,0.3,0.33,0.33,0.39,0.5,0.58,0.54,0.58,0.54,0.67,0.68,0.71,0.69
2023-04-18,597,"-한테/에게","other",0.03,0,0.03,0.1,0.16,0.11,0.23,0.27,0.36,0.43,0.5,0.45,0.51,0.55,0.57,0.71,0.76,0.67,0.72
2023-04-18,598,"그리고","connecting_words",0.02,0,0,0,0.01,0,0.09,0.07,0.1,0.16,0.21,0.26,0.3,0.3,0.27,0.25,0.43,0.49,0.49
2023-04-18,599,"그런데","connecting_words",0.02,0,0,0.06,0.06,0,0.12,0.12,0.16,0.33,0.27,0.28,0.41,0.4,0.39,0.49,0.62,0.61,0.75
2023-04-18,600,"그래서","connecting_words",0.02,0,0,0.03,0,0,0.09,0.11,0.13,0.25,0.21,0.22,0.3,0.33,0.21,0.32,0.51,0.49,0.52
2023-04-18,601,"-고","connecting_words",0.02,0,0.01,0.05,0.07,0.1,0.26,0.23,0.31,0.36,0.4,0.39,0.47,0.48,0.43,0.56,0.61,0.67,0.66
2023-04-18,602,"-는데","connecting_words",0.02,0.02,0.01,0.02,0.06,0.04,0.11,0.15,0.16,0.32,0.35,0.35,0.4,0.47,0.34,0.51,0.58,0.61,0.66
2023-04-18,603,"-서","connecting_words",0.02,0,0,0,0.04,0.01,0.12,0.16,0.14,0.23,0.28,0.25,0.37,0.37,0.31,0.44,0.43,0.57,0.59
2023-04-18,604,"뒤","locations",0.06,0.06,0.07,0.1,0.2,0.19,0.41,0.38,0.33,0.44,0.56,0.52,0.57,0.62,0.63,0.63,0.71,0.7,0.85
2023-04-18,605,"밑","locations",0.06,0.03,0.04,0.08,0.13,0.1,0.21,0.27,0.39,0.36,0.51,0.42,0.4,0.49,0.48,0.52,0.66,0.7,0.75
2023-04-18,606,"밖","locations",0.14,0.12,0.18,0.14,0.26,0.14,0.51,0.6,0.51,0.56,0.65,0.8,0.64,0.71,0.72,0.73,0.79,0.84,0.85
2023-04-18,607,"아래","locations",0.08,0.06,0.03,0.11,0.1,0.1,0.25,0.3,0.33,0.32,0.41,0.51,0.5,0.45,0.49,0.53,0.55,0.64,0.7
2023-04-18,608,"안","locations",0.06,0.09,0.07,0.06,0.16,0.09,0.32,0.4,0.36,0.42,0.56,0.58,0.59,0.6,0.51,0.68,0.79,0.71,0.76
2023-04-18,609,"앞","locations",0.06,0.06,0.1,0.03,0.17,0.17,0.36,0.38,0.41,0.41,0.49,0.61,0.67,0.67,0.63,0.64,0.72,0.78,0.86
2023-04-18,610,"옆","locations",0.05,0.03,0.03,0.03,0.1,0.09,0.22,0.29,0.37,0.34,0.54,0.49,0.47,0.49,0.49,0.51,0.68,0.62,0.63
2023-04-18,611,"위","locations",0.08,0.05,0.09,0.11,0.24,0.24,0.3,0.4,0.43,0.45,0.56,0.6,0.57,0.63,0.58,0.68,0.79,0.75,0.76
2023-04-18,612,"금방","time_words",0.02,0.02,0.01,0.02,0.06,0.09,0.16,0.11,0.24,0.25,0.41,0.45,0.36,0.34,0.49,0.47,0.5,0.59,0.68
2023-04-18,613,"나중에","time_words",0.06,0.03,0.04,0.06,0.13,0.09,0.23,0.25,0.34,0.44,0.58,0.48,0.53,0.63,0.54,0.76,0.68,0.7,0.79
2023-04-18,614,"날","time_words",0,0,0,0,0,0,0.04,0.04,0.04,0.08,0.12,0.07,0.14,0.16,0.12,0.13,0.24,0.2,0.27
2023-04-18,615,"낮","time_words",0.02,0,0.01,0,0.03,0.04,0.07,0.08,0.17,0.22,0.26,0.29,0.4,0.32,0.34,0.45,0.51,0.36,0.58
2023-04-18,616,"내일","time_words",0.02,0.03,0.06,0.02,0.11,0.16,0.2,0.26,0.34,0.4,0.56,0.36,0.47,0.58,0.54,0.68,0.59,0.74,0.77
2023-04-18,617,"매일/맨날","time_words",0.02,0.02,0.01,0.02,0,0.03,0.05,0.08,0.2,0.19,0.24,0.26,0.23,0.36,0.36,0.33,0.45,0.49,0.55
2023-04-18,618,"밤","time_words",0.05,0.03,0.09,0.06,0.14,0.13,0.3,0.33,0.43,0.43,0.55,0.61,0.61,0.71,0.66,0.75,0.76,0.77,0.86
2023-04-18,619,"시간","time_words",0.02,0.02,0,0.02,0.03,0.01,0.1,0.07,0.07,0.11,0.21,0.25,0.19,0.34,0.18,0.31,0.42,0.42,0.55
2023-04-18,620,"아침","time_words",0.03,0.03,0.04,0.05,0.11,0.07,0.22,0.21,0.39,0.34,0.49,0.5,0.56,0.6,0.54,0.65,0.72,0.74,0.82
2023-04-18,621,"어저께/어제","time_words",0,0,0,0.02,0,0.03,0.14,0.05,0.2,0.2,0.22,0.21,0.31,0.27,0.33,0.41,0.51,0.51,0.61
2023-04-18,622,"오늘","time_words",0.02,0.02,0,0,0.04,0.04,0.16,0.11,0.24,0.32,0.37,0.32,0.46,0.49,0.57,0.55,0.68,0.61,0.73
2023-04-18,623,"이따가","time_words",0.06,0.03,0.06,0.11,0.21,0.16,0.33,0.26,0.41,0.42,0.56,0.64,0.53,0.6,0.51,0.56,0.62,0.67,0.79
2023-04-18,624,"저녁","time_words",0.02,0.02,0.01,0.03,0.03,0.01,0.06,0.07,0.19,0.22,0.31,0.36,0.33,0.41,0.43,0.43,0.54,0.51,0.61
2023-04-18,625,"전","time_words",0.02,0,0,0,0,0,0.04,0.07,0.07,0.06,0.12,0.07,0.13,0.15,0.13,0.15,0.24,0.25,0.21
2023-04-18,626,"점심","time_words",0.02,0.02,0.01,0.03,0.04,0.03,0.09,0.05,0.2,0.17,0.24,0.2,0.26,0.3,0.24,0.32,0.46,0.42,0.51
2023-04-18,627,"지금","time_words",0.02,0.03,0.06,0.08,0.17,0.1,0.26,0.32,0.34,0.4,0.56,0.49,0.56,0.56,0.58,0.63,0.74,0.74,0.83
2023-04-18,628,"후","time_words",0.02,0,0,0,0,0,0.06,0.03,0.07,0.06,0.08,0.07,0.09,0.1,0.1,0.07,0.21,0.19,0.15
2023-04-18,629,"그거","pronouns",0.05,0.05,0.06,0.11,0.17,0.11,0.26,0.3,0.27,0.33,0.27,0.42,0.41,0.42,0.45,0.52,0.58,0.58,0.72
2023-04-18,630,"나","pronouns",0.11,0.09,0.12,0.21,0.27,0.27,0.48,0.52,0.54,0.59,0.65,0.75,0.67,0.73,0.66,0.75,0.79,0.75,0.87
2023-04-18,631,"너","pronouns",0.06,0.02,0.01,0.05,0.07,0.09,0.2,0.18,0.21,0.34,0.31,0.44,0.41,0.47,0.37,0.59,0.63,0.61,0.82
2023-04-18,632,"여기","pronouns",0.14,0.09,0.16,0.19,0.27,0.21,0.42,0.36,0.4,0.5,0.54,0.52,0.6,0.64,0.57,0.6,0.66,0.68,0.83
2023-04-18,633,"우리","pronouns",0.03,0.03,0.01,0.06,0.07,0.14,0.19,0.3,0.29,0.42,0.46,0.52,0.47,0.58,0.55,0.68,0.67,0.75,0.85
2023-04-18,634,"이거","pronouns",0.37,0.32,0.3,0.32,0.46,0.46,0.6,0.58,0.61,0.76,0.72,0.76,0.66,0.85,0.72,0.79,0.76,0.8,0.9
2023-04-18,635,"저기","pronouns",0.08,0.09,0.13,0.14,0.27,0.17,0.38,0.42,0.46,0.48,0.56,0.52,0.51,0.7,0.45,0.59,0.68,0.68,0.73
2023-04-18,636,"-고 있다","helping_verbs",0.03,0,0.03,0,0.11,0.03,0.14,0.22,0.24,0.31,0.37,0.48,0.47,0.49,0.37,0.41,0.57,0.65,0.63
2023-04-18,637,"-놓다","helping_verbs",0.02,0,0,0.02,0.06,0.01,0.16,0.16,0.16,0.25,0.22,0.29,0.27,0.29,0.19,0.27,0.43,0.33,0.46
2023-04-18,638,"-말다","helping_verbs",0.02,0,0,0,0,0,0.06,0.04,0.11,0.11,0.06,0.11,0.14,0.16,0.1,0.17,0.29,0.22,0.2
2023-04-18,639,"-보다","helping_verbs",0.02,0,0,0.03,0.06,0.03,0.14,0.21,0.21,0.28,0.26,0.38,0.27,0.4,0.31,0.35,0.53,0.48,0.56
2023-04-18,640,"-싶다","helping_verbs",0.03,0.02,0.01,0.03,0.13,0.09,0.23,0.34,0.37,0.43,0.53,0.54,0.67,0.73,0.64,0.73,0.76,0.81,0.87
2023-04-18,641,"-주다","helping_verbs",0.03,0.03,0.06,0.13,0.11,0.07,0.23,0.32,0.31,0.34,0.37,0.44,0.36,0.49,0.39,0.47,0.57,0.62,0.69
